Christine,Greene,cgreene1@fema.gov,Recruiter,101485,QFD,Kanoodle
Joshua,Nelson,jnelson2@purevolume.com,Computer Systems Analyst I,122434,DV Camera Operator,Gabtype
Theresa,Carroll,tcarroll3@networkadvertising.org,Developer II,72481,VAT,Blogpad
Patrick,Rogers,progers4@wikipedia.org,Professor,43454,VDSL,Tagcat
Gloria,Campbell,gcampbell5@webnode.com,VP Quality Control,135311,Hands-on Training,Youbridge
Donna,Stanley,dstanley6@weather.com,Teacher,135794,Lunix,Pixonyx
Barbara,Kim,bkim7@hostgator.com,Electrical Engineer,106829,RRC,Skidoo
Matthew,Morgan,mmorgan8@google.com.hk,Recruiting Manager,139860,Dutch,Eamia
Donald,Brown,dbrown9@tamu.edu,Accountant III,56178,Publications,Centidel
Richard,Vasquez,rvasqueza@twitter.com,Database Administrator IV,163695,Sh,Livetube
Carol,Olson,colsonb@meetup.com,Quality Engineer,76437,Art Education,Chatterpoint
Andrea,Frazier,afrazierc@reuters.com,Systems Administrator III,120205,PMO Services,Flashpoint
Patricia,Austin,paustind@hao123.com,Clinical Specialist,70781,ILT,Skiptube
Paula,Perry,pperrye@seesaa.net,Financial Analyst,153151,Cellular Communications,Edgeclub
Joseph,Williamson,jwilliamsonf@china.com.cn,Business Systems Development Analyst,96839,GPRS,Gigabox
Todd,Bishop,tbishopg@chron.com,Environmental Specialist,53181,SFP,Meevee
Doris,Ruiz,druizh@wisc.edu,Senior Sales Associate,163423,LPCVD,Gigashots
Kathleen,Perry,kperryi@nature.com,Marketing Manager,36921,Company Set-up,Dynabox
Cheryl,Patterson,cpattersonj@vimeo.com,Web Designer I,75153,OmniGraffle,Eare
Rachel,Carr,rcarrk@oakley.com,Software Engineer II,67011,Organizational Behavior,Yabox
Ruth,Washington,rwashingtonl@multiply.com,Research Associate,161331,BC/DR,Fliptune
Jack,Robinson,jrobinsonm@behance.net,Administrative Officer,110017,Sound FX Editing,Eidel
Janice,Sanders,jsandersn@ebay.com,Budget/Accounting Analyst I,169640,PSD,Yakidoo
Peter,Gibson,pgibsono@example.com,VP Marketing,171507,Sketching,Twinder
George,Baker,gbakerp@w3.org,Speech Pathologist,60574,IBM BPM,Fliptune
Cynthia,Cook,ccookq@cyberchimps.com,Sales Representative,116057,IEP,Centimia
Daniel,Fields,dfieldsr@discuz.net,Assistant Professor,82128,KML,Rooxo
Sandra,Cruz,scruzs@sogou.com,Media Manager IV,86372,Childcare,Aibox
Bonnie,Gilbert,bgilbertt@eepurl.com,Recruiting Manager,55182,OEE,Feedfish
Theresa,Moreno,tmorenou@mapy.cz,Administrative Assistant III,53550,Aquatics,Zooxo
Mark,Lawson,mlawsonv@soup.io,Sales Representative,156815,WPS,Kazio
Richard,Nguyen,rnguyenw@loc.gov,Legal Assistant,110001,Estimates,Reallinks
Daniel,Fuller,dfullerx@artisteer.com,Software Engineer I,117804,LTL,Jazzy
Gerald,Rivera,griveray@weibo.com,Clinical Specialist,107799,Foreclosures,Jazzy
Deborah,Little,dlittlez@odnoklassniki.ru,Human Resources Assistant IV,149725,OOH,Mybuzz
William,Williamson,wwilliamson10@intel.com,Nurse,137608,Surveying,Bubblemix
William,Holmes,wholmes11@nature.com,Actuary,74363,MCITP,Buzzbean
Ashley,Gordon,agordon12@google.com.hk,Paralegal,62645,Tour Management,Divavu
Antonio,Russell,arussell13@twitter.com,Financial Advisor,110013,Lynx,Eimbee
Laura,Sullivan,lsullivan14@prlog.org,Senior Financial Analyst,84759,Web Content Management,Devcast
Janet,Peterson,jpeterson15@nps.gov,Senior Developer,92383,Science,Trilith
Joshua,Carter,jcarter16@mit.edu,Database Administrator I,66797,Rhino,Mycat
Amanda,Mcdonald,amcdonald17@latimes.com,Geologist IV,38573,HFC,Tagfeed
Lillian,Brooks,lbrooks18@time.com,VP Marketing,136066,EWP,Meemm
Steven,Berry,sberry19@ovh.net,Health Coach II,41954,ETAP,Voolia
Judy,Hunter,jhunter1a@flickr.com,Budget/Accounting Analyst IV,125093,Capital Markets,Midel
Rebecca,Perez,rperez1b@telegraph.co.uk,Data Coordiator,80621,HUMINT,Tagcat
Stephanie,West,swest1c@usa.gov,Actuary,119282,Writing,Shuffletag
Catherine,Weaver,cweaver1d@amazon.de,Social Worker,121865,Product Knowledge,Youbridge
Amy,Richards,arichards1e@bloglovin.com,Office Assistant II,139617,Tcpdump,Gevee
Nicole,Meyer,nmeyer1f@sphinn.com,Compensation Analyst,172778,ILS,Blogtag
Carol,Fowler,cfowler1g@harvard.edu,Programmer II,45013,At Multitasking,Buzzster
Barbara,Willis,bwillis1h@webnode.com,Research Associate,120384,Kohana Framework,Oyope
Michael,Wood,mwood1i@dell.com,Account Representative IV,153693,DFMA,Abata
Christopher,Robertson,crobertson1j@cdc.gov,Information Systems Manager,111598,CTT,Babbleblab
Nancy,Jones,njones1k@umn.edu,Programmer Analyst IV,83803,XBRL,Browsezoom
Timothy,Sullivan,tsullivan1l@who.int,Database Administrator I,36946,Occlusion,Photojam
Katherine,Duncan,kduncan1m@symantec.com,Recruiter,116952,SS7,Skilith
Janet,Watkins,jwatkins1n@elpais.com,Nuclear Power Engineer,118844,Vray,Yombu
Martin,Gomez,mgomez1o@dailymail.co.uk,Senior Sales Associate,70504,TMX,Tagtune
Marie,Simpson,msimpson1p@cafepress.com,Accountant II,80897,SRX,Babbleset
Douglas,Lee,dlee1q@quantcast.com,Civil Engineer,95517,YouTube,Riffpath
Jennifer,Greene,jgreene1r@narod.ru,Engineer III,124940,SQL,Quamba
Joan,Young,jyoung1s@bing.com,Programmer Analyst I,44263,XP/Vista/7,Voonte
Marie,Vasquez,mvasquez1t@quantcast.com,Tax Accountant,106287,Big Data,Janyx
Kathleen,Ray,kray1u@ebay.com,Paralegal,92934,QS1,Skivee
Julie,Holmes,jholmes1v@domainmarket.com,Speech Pathologist,109036,Mysticism,Photobean
Joan,Greene,jgreene1w@baidu.com,Accountant I,170491,Ultrafast Spectroscopy,Buzzster
Helen,Ryan,hryan1x@uiuc.edu,Cost Accountant,71664,Software Testing Life Cycle,Photobug
Julia,Clark,jclark1y@bigcartel.com,Desktop Support Technician,102334,Pymol,Flipstorm
Linda,Bennett,lbennett1z@hud.gov,Information Systems Manager,155764,FDTD,Aibox
Billy,Wheeler,bwheeler20@redcross.org,Nurse Practicioner,151841,Jewelry,Agimba
Patrick,Gordon,pgordon21@linkedin.com,Database Administrator IV,94301,RCFA,Plambee
Amanda,Carr,acarr22@cloudflare.com,Research Nurse,102930,Thermal Oxidizers,Babbleset
Jonathan,Robertson,jrobertson23@sphinn.com,Senior Developer,154573,Sungard GMI,Fliptune
Heather,King,hking24@dyndns.org,Dental Hygienist,107602,Pastoral Counseling,Zoombeat
Ronald,Stewart,rstewart25@de.vu,Internal Auditor,79551,Microsoft Excel,Skiptube
Emily,Henderson,ehenderson26@wikia.com,Software Test Engineer IV,104582,Obedience,Mynte
Anne,Murphy,amurphy27@sciencedirect.com,Senior Financial Analyst,67839,Phase II Subsurface Investigations,Jayo
Walter,Greene,wgreene28@cdc.gov,Electrical Engineer,67721,MBCS,Twitterbridge
Cheryl,Wood,cwood29@miibeian.gov.cn,Database Administrator I,136348,Blues,Devify
Martin,Fuller,mfuller2a@hibu.com,GIS Technical Architect,104054,Mentoring,Oyoloo
Diana,Hernandez,dhernandez2b@weather.com,VP Quality Control,78249,QMF for Windows,Edgeblab
Nicole,Gonzales,ngonzales2c@amazon.co.jp,Sales Associate,150688,Hypnosis,Tagopia
Sarah,Long,slong2d@php.net,Occupational Therapist,135563,Operational Excellence,Jabberbean
Julie,Watkins,jwatkins2e@umich.edu,VP Sales,82890,Contact Centers,Twinte
Joe,Garza,jgarza2f@xrea.com,Registered Nurse,88085,PnL,Quamba
Jonathan,Frazier,jfrazier2g@umn.edu,Project Manager,160663,OGC Gateway Reviews,Janyx
Evelyn,Frazier,efrazier2h@bbb.org,Professor,88954,Yields,Trupe
Martha,Hansen,mhansen2i@usnews.com,Web Designer IV,149886,NVQs,Jaxbean
Raymond,Turner,rturner2j@army.mil,Administrative Assistant III,84976,PTMS,Zazio
Alice,Ruiz,aruiz2k@123-reg.co.uk,Help Desk Operator,168490,Ambulance,Fiveclub
Joshua,Scott,jscott2l@nature.com,Recruiter,84918,Secure FTP,Meemm
Jeremy,Marshall,jmarshall2m@1688.com,Web Developer I,88962,CMS,Buzzbean
Mark,Palmer,mpalmer2n@si.edu,Geologist III,45871,MPages,Brightbean
Jane,Weaver,jweaver2o@ted.com,Graphic Designer,169193,MSBuild,Nlounge
Deborah,Morrison,dmorrison2p@hc360.com,Web Designer II,63458,Multi-Unit Management,Midel
Kimberly,Robertson,krobertson2q@cdc.gov,Desktop Support Technician,53291,Assisting Others,Browsezoom
Gary,Robinson,grobinson2r@elegantthemes.com,Web Developer II,114782,EKG,Jayo
Louise,Parker,lparker2s@delicious.com,Software Consultant,129203,Agilent ADS,Dablist
Wanda,Wood,wwood2t@bloglines.com,Sales Representative,75613,Diabetes,Tagcat
Jimmy,Frazier,jfrazier2u@hexun.com,Actuary,52094,Oxidation,Linkbridge
Joan,Bishop,jbishop2v@ning.com,Developer III,51952,Warranty,Flipstorm
Shirley,Morgan,smorgan2w@patch.com,Senior Quality Engineer,64190,Student Financial Aid,Skynoodle
Robert,Jones,rjones2x@google.it,Programmer Analyst III,55301,Functional Verification,Meemm
Joshua,Fernandez,jfernandez2y@gravatar.com,Programmer Analyst IV,161807,21 CFR,Bubbletube
Harry,Washington,hwashington2z@list-manage.com,VP Quality Control,91269,Teamwork,Muxo
Shirley,Weaver,sweaver30@wikipedia.org,Associate Professor,109470,EViews,Voomm
Deborah,Graham,dgraham31@bigcartel.com,Budget/Accounting Analyst II,97552,Kodaly,Voomm
Mildred,Wood,mwood32@tmall.com,Software Consultant,137832,Software Implementation,Bubblemix
Alice,Carroll,acarroll33@bizjournals.com,Engineer IV,44327,Warehousing,Janyx
Stephanie,Berry,sberry34@ed.gov,Sales Representative,130357,Data Warehousing,Feedfire
Billy,Murphy,bmurphy35@vinaora.com,Quality Control Specialist,60045,SDL Tridion,Ooba
Janice,Allen,jallen36@amazon.co.jp,Accountant I,130144,YUM,Plambee
Stephanie,Fernandez,sfernandez37@jiathis.com,Project Manager,113195,Ruby on Rails,Oyonder
Jacqueline,Fisher,jfisher38@blogspot.com,Help Desk Technician,149540,Eye Exams,Zoomdog
Judy,Ray,jray39@google.co.uk,Automation Specialist II,159348,HDI Support Center Analyst,Devbug
Janet,Stanley,jstanley3a@wunderground.com,Senior Financial Analyst,82289,VMS,Devpoint
Roy,Richardson,rrichardson3b@nifty.com,Programmer II,119669,MyFaces,Skibox
Betty,Richards,brichards3c@china.com.cn,Media Manager III,131005,Bodywork,Wordify
Keith,Porter,kporter3d@mayoclinic.com,Account Executive,59062,MVNO,Flipbug
Brian,Perry,bperry3e@diigo.com,Software Engineer III,61246,WSPG,Quimm
Ruth,Young,ryoung3f@smugmug.com,Chief Design Engineer,138992,Radar,Janyx
Margaret,Reid,mreid3g@auda.org.au,Account Representative II,101940,Window Displays,Quinu
Jerry,Cole,jcole3h@hostgator.com,Librarian,121535,Hardware Diagnostics,Plajo
Stephen,Hall,shall3i@ow.ly,Software Test Engineer II,80471,CGI/Perl,Zoombeat
Bruce,Ramirez,bramirez3j@over-blog.com,Teacher,162791,Alzheimer&#39;s Disease,Mynte
Jason,Davis,jdavis3k@shutterfly.com,Staff Scientist,144828,Oceanography,Zoonder
Gary,Lopez,glopez3l@icq.com,Speech Pathologist,155448,EOU,Quatz
Stephanie,Reyes,sreyes3m@bizjournals.com,VP Marketing,40711,Embedded Linux,Photobean
Robert,Payne,rpayne3n@ebay.com,Sales Representative,167032,NCDA,Zoovu
Marie,Lawson,mlawson3o@seesaa.net,Account Representative II,83480,PCR,Kamba
Ruby,Dean,rdean3p@qq.com,Information Systems Manager,143545,EASA,Quatz
Nicole,Perez,nperez3q@google.ru,Director of Sales,140419,IBM AS/400,Riffpath
John,Jackson,jjackson3r@gmpg.org,Nurse Practicioner,165961,Single Family Homes,Eamia
Juan,Richards,jrichards3s@github.io,Executive Secretary,41658,Artistic Eye,Jabberbean
Katherine,Ward,kward3t@simplemachines.org,Food Chemist,86368,RPG Free,Zoombeat
Christopher,Perkins,cperkins3u@trellian.com,Senior Editor,138959,JCreator,Vinte
Larry,Alexander,lalexander3v@globo.com,Graphic Designer,96592,SBS,Youspan
Ann,Green,agreen3w@delicious.com,Office Assistant III,97539,Iyengar Yoga,Oloo
Joan,Carter,jcarter3x@miitbeian.gov.cn,Account Representative II,45862,Mixed-Signal IC Design,Fiveclub
Jerry,Dean,jdean3y@nature.com,Data Coordiator,111656,MD-11,Blogtags
Rose,Baker,rbaker3z@apache.org,Environmental Specialist,69570,Outcomes Research,Demivee
Frances,Lawrence,flawrence40@patch.com,Social Worker,134006,CSPO,Devpulse
Edward,Scott,escott41@virginia.edu,Cost Accountant,147963,Administrative Assistance,Plajo
Roger,Stewart,rstewart42@tumblr.com,Chief Design Engineer,101991,RS422,Zoomdog
Alice,Graham,agraham43@topsy.com,VP Accounting,170476,Easements,Photobug
Justin,Harvey,jharvey44@nbcnews.com,Analog Circuit Design manager,97059,NDK,Skivee
Diane,Mccoy,dmccoy45@who.int,Biostatistician I,44939,HSQLDB,Yakijo
Ryan,Oliver,roliver46@goodreads.com,Staff Accountant I,57605,Change Orders,Bluejam
Amy,Parker,aparker47@wufoo.com,Staff Scientist,165331,Quest vWorkspace,Photobug
Brian,Ray,bray48@google.de,Account Coordinator,128919,GC-FID,Feedbug
Bruce,Henry,bhenry49@mac.com,Internal Auditor,105313,Jimmy Jib,Yombu
Stephen,Brooks,sbrooks4a@t-online.de,Biostatistician II,60458,Veterinary,Mynte
Howard,Long,hlong4b@army.mil,Food Chemist,96641,JIS,Blogspan
Julie,Morrison,jmorrison4c@microsoft.com,Food Chemist,118146,Medical Illustration,Blogpad
Jennifer,Stewart,jstewart4d@abc.net.au,Senior Quality Engineer,153280,ISO 14001,Mymm
Rebecca,Dean,rdean4e@tuttocitta.it,Nurse,50466,Motivational Speaking,Kazio
Juan,Jacobs,jjacobs4f@sciencedaily.com,VP Accounting,115319,MbUnit,Gigabox
Wayne,Cook,wcook4g@who.int,Biostatistician IV,161177,Epigenetics,Skimia
Thomas,Stephens,tstephens4h@alexa.com,Recruiter,170924,TFF,Mita
Joe,Carr,jcarr4i@rediff.com,Help Desk Operator,61118,EZNews,Yombu
Jesse,Holmes,jholmes4j@wix.com,Automation Specialist I,67927,Historic Preservation,Thoughtstorm
Albert,Morales,amorales4k@quantcast.com,Operator,103494,Payments,Eimbee
Shirley,Boyd,sboyd4l@friendfeed.com,Human Resources Assistant I,91075,Zymography,Twimm
Arthur,Bryant,abryant4m@themeforest.net,Senior Sales Associate,149156,Hlookups,Devpulse
Fred,Thompson,fthompson4n@aboutads.info,Analog Circuit Design manager,174421,LTV,Gigazoom
Peter,Thompson,pthompson4o@bing.com,Safety Technician II,48593,Onboarding,Zava
Thomas,Franklin,tfranklin4p@feedburner.com,VP Quality Control,73298,Dbx,Demizz
Emily,Murray,emurray4q@ucla.edu,Design Engineer,78167,Wellness Coaching,Quatz
Emily,Cole,ecole4r@earthlink.net,Structural Engineer,146959,Brand Equity,Trudoo
Todd,Mills,tmills4s@opensource.org,Account Executive,78021,Gigabit Ethernet,Feedfire
Kelly,Duncan,kduncan4t@hc360.com,Health Coach I,168795,Crisis Communications,Fadeo
Anthony,Owens,aowens4u@free.fr,Sales Representative,113443,TMDLs,Bubblemix
Elizabeth,Hayes,ehayes4v@wisc.edu,Help Desk Operator,141742,High Yield,Oba
Elizabeth,Gutierrez,egutierrez4w@sakura.ne.jp,Data Coordiator,97264,IVD,Jayo
Terry,Howell,thowell4x@sphinn.com,Nurse Practicioner,120097,CFIA,Kazio
Richard,Matthews,rmatthews4y@oakley.com,Senior Quality Engineer,57552,Home Equity Loans,Devpoint
Douglas,Reed,dreed4z@plala.or.jp,VP Marketing,174178,CQ5,Centizu
Paula,Sanchez,psanchez50@cdbaby.com,Safety Technician II,146061,CV,Avamm
Mildred,Rogers,mrogers51@who.int,Clinical Specialist,114876,Online Marketing,Brainsphere
Doris,Olson,dolson52@gov.uk,Safety Technician I,106897,General Aviation,Reallinks
Jane,Burns,jburns53@tinypic.com,Tax Accountant,91038,VxFS,Buzzdog
Christopher,Rodriguez,crodriguez54@spiegel.de,Design Engineer,81335,XDCAM,Plajo
Jesse,Arnold,jarnold55@mozilla.org,Developer III,110320,Oxidation,Edgeclub
Pamela,Mendoza,pmendoza56@nytimes.com,Senior Cost Accountant,173223,Disability Insurance,Demivee
Todd,Lane,tlane57@histats.com,Administrative Officer,83696,Short Sales,Riffpedia
Harry,Cook,hcook58@merriam-webster.com,Technical Writer,91829,Routing Protocols,Avaveo
Anna,Carroll,acarroll59@washingtonpost.com,Director of Sales,80398,Medical Nutrition Therapy,Quamba
Jose,Ortiz,jortiz5a@google.fr,General Manager,75741,IBM Rational Tools,Gabcube
Timothy,Nichols,tnichols5b@wunderground.com,Nuclear Power Engineer,77899,Overseas Production,Dynabox
Karen,Bowman,kbowman5c@wired.com,Pharmacist,141994,Human Factors,Edgepulse
Margaret,Franklin,mfranklin5d@arstechnica.com,Programmer II,151546,GSM,Jabberbean
Lois,Owens,lowens5e@statcounter.com,Software Test Engineer IV,169451,Justice,Feedmix
Anthony,Thomas,athomas5f@twitpic.com,Marketing Assistant,160926,Lymphatic Drainage,Brainsphere
Barbara,Roberts,broberts5g@shareasale.com,Actuary,80594,Sports Nutrition,Feedfish
Shawn,Lynch,slynch5h@goo.gl,Environmental Specialist,60566,Policy Analysis,Agivu
Kimberly,Burton,kburton5i@xinhuanet.com,Computer Systems Analyst II,148071,UV coating,Riffwire
Nicole,Alvarez,nalvarez5j@opensource.org,Tax Accountant,141525,GHS,Skilith
Antonio,Foster,afoster5k@unesco.org,Software Engineer II,161959,Yin Yoga,Mydeo
Virginia,Wilson,vwilson5l@nytimes.com,Graphic Designer,55015,GPG,Mita
Joseph,Garcia,jgarcia5m@behance.net,Staff Accountant IV,94190,ICDL,Twitternation
Kelly,Hawkins,khawkins5n@dmoz.org,Pharmacist,158619,DBUnit,Skimia
Matthew,Fisher,mfisher5o@cafepress.com,Software Consultant,81574,Art Direction,Twinder
Scott,Hansen,shansen5p@e-recht24.de,Account Representative III,65500,iPad Development,Photospace
Nicole,Carroll,ncarroll5q@utexas.edu,Compensation Analyst,159364,Data Analysis,Centimia
Ryan,Adams,radams5r@unesco.org,Paralegal,44889,Yamaha PM5D,Shufflebeat
Charles,Morgan,cmorgan5s@hatena.ne.jp,Civil Engineer,98245,EWB,Voolia
Maria,Shaw,mshaw5t@hao123.com,Editor,75256,DMS-100,Eadel
Terry,Wilson,twilson5u@omniture.com,Office Assistant IV,166274,MX960,Meejo
Irene,Morgan,imorgan5v@devhub.com,Legal Assistant,72751,Merchandising,Tagtune
Harry,Nichols,hnichols5w@cnn.com,Web Developer II,64679,Sleepwear,Pixope
Kathleen,Gibson,kgibson5x@amazon.co.uk,Marketing Assistant,45562,NoSQL,Jabbertype
Louis,White,lwhite5y@google.fr,Paralegal,85895,Oceanography,Dabjam
Linda,Moreno,lmoreno5z@devhub.com,Analog Circuit Design manager,140046,Kaizen Leadership,Devcast
Bruce,Hawkins,bhawkins60@omniture.com,Information Systems Manager,101359,Product Launch,Geba
Jesse,Carr,jcarr61@plala.or.jp,GIS Technical Architect,92489,FTTH,Gabtype
Anne,Weaver,aweaver62@i2i.jp,Senior Developer,44205,Vector Illustration,Eabox
Christina,Welch,cwelch63@wisc.edu,Physical Therapy Assistant,173636,RMDS,Avavee
Christopher,Porter,cporter64@toplist.cz,Chemical Engineer,164951,Urban Forestry,Bluezoom
Aaron,Bishop,abishop65@irs.gov,Senior Financial Analyst,150135,Agilent ADS,Trudeo
Sean,Fox,sfox66@examiner.com,Librarian,142983,Lyrical,Livefish
Donald,Kelly,dkelly67@barnesandnoble.com,Statistician I,153104,QSIG,Fliptune
Dennis,Watkins,dwatkins68@hatena.ne.jp,Junior Executive,91352,DBs,Zooveo
Brandon,Burns,bburns69@topsy.com,Quality Control Specialist,61404,General Surgery,Fiveclub
Roger,Simmons,rsimmons6a@hc360.com,Research Assistant II,167164,Pastoral Care,Fliptune
Jose,Moore,jmoore6b@altervista.org,Developer III,114286,TMG,Divanoodle
Pamela,Morris,pmorris6c@wikipedia.org,Media Manager II,147980,CDS,Yodel
Robert,Myers,rmyers6d@canalblog.com,Nurse,168202,JPAS,Avamm
Patrick,Cox,pcox6e@plala.or.jp,VP Marketing,174262,RTB,Viva
Russell,Lane,rlane6f@simplemachines.org,Business Systems Development Analyst,44220,TTCN,Meedoo
Michael,Pierce,mpierce6g@skyrock.com,Graphic Designer,40208,ISO/TS 16949,Yotz
Ruth,Clark,rclark6h@cbc.ca,Cost Accountant,99507,Molecular Biology,Zooxo
Christina,Fields,cfields6i@netvibes.com,Financial Advisor,58798,OCR,Browseblab
Kenneth,Oliver,koliver6j@booking.com,Compensation Analyst,138600,Operational Oversight,Voonder
George,Knight,gknight6k@networksolutions.com,Account Representative IV,98724,Azerbaijani,Katz
Larry,Myers,lmyers6l@go.com,Chemical Engineer,39871,VMware Fusion,Vinder
Shirley,Hayes,shayes6m@ifeng.com,Sales Representative,158313,Blender,Twiyo
Gloria,Hall,ghall6n@slideshare.net,Geological Engineer,58010,IBM Certified,Eimbee
Christina,Howard,choward6o@e-recht24.de,Automation Specialist IV,156323,Digital TV,Buzzshare
James,Bowman,jbowman6p@tripadvisor.com,Geologist II,124008,Construction Management,Rhynyx
Charles,Cruz,ccruz6q@mozilla.org,Human Resources Manager,163334,Aerospace Structures,Divanoodle
Kimberly,Nichols,knichols6r@telegraph.co.uk,Database Administrator I,126172,Pricing,Gabtype
Harold,Powell,hpowell6s@parallels.com,Research Associate,161879,Pyrometallurgy,Tagpad
Heather,Knight,hknight6t@cocolog-nifty.com,Staff Accountant III,99919,RF Engineering,Twitterbeat
Larry,Peters,lpeters6u@people.com.cn,Staff Accountant I,80466,Multi-channel Marketing,Yacero
Sarah,Edwards,sedwards6v@gmpg.org,Analyst Programmer,139767,Siding,Oyoyo
Deborah,Greene,dgreene6w@histats.com,VP Sales,165807,Avionics,Zoomcast
Johnny,Gray,jgray6x@engadget.com,Assistant Media Planner,63393,FDDI,Yamia
Lisa,Flores,lflores6y@psu.edu,Assistant Professor,74908,HGV,Aimbo
Maria,Palmer,mpalmer6z@home.pl,Research Associate,159598,UCP 600,Twinder
Sean,Garrett,sgarrett70@creativecommons.org,Staff Accountant I,68251,Hyper-V,Dynazzy
Amanda,Rivera,arivera71@creativecommons.org,Budget/Accounting Analyst II,88714,QuarkXPress,Youspan
Frank,Kelly,fkelly72@columbia.edu,Database Administrator III,84528,VoIP,Realmix
Jesse,Hall,jhall73@nhs.uk,Senior Developer,134080,AU,Vitz
Judy,Berry,jberry74@exblog.jp,Sales Associate,147675,LC-MS,Myworks
Sarah,Thomas,sthomas75@wordpress.org,Occupational Therapist,74251,Power Systems,Thoughtbridge
Andrew,Gutierrez,agutierrez76@is.gd,Nurse Practicioner,59478,Accounts Payable,Agimba
Rose,Larson,rlarson77@360.cn,Sales Representative,53308,Digital Illustration,Pixonyx
Betty,Rose,brose78@npr.org,Clinical Specialist,172248,NDM,Jabberstorm
Nicholas,Kim,nkim79@netvibes.com,Biostatistician III,66186,Flash,Yabox
Diana,Hart,dhart7a@bandcamp.com,Marketing Manager,119495,MyChart,Ailane
Martha,Watson,mwatson7b@xrea.com,Human Resources Assistant III,90472,Tax Preparation,Meeveo
Kevin,Phillips,kphillips7c@loc.gov,Accounting Assistant II,45859,QSE,Thoughtstorm
Lisa,Castillo,lcastillo7d@mysql.com,Senior Editor,91006,American Literature,Livepath
Ernest,Sullivan,esullivan7e@aboutads.info,Database Administrator IV,137017,JTIDS,Meetz
Donald,Cooper,dcooper7f@paypal.com,Database Administrator I,149736,PDO,Quinu
David,Peterson,dpeterson7g@theglobeandmail.com,Desktop Support Technician,113749,MPE,Wikido
Nicholas,Kim,nkim7h@usa.gov,Programmer Analyst II,46297,Gel Electrophoresis,Trudoo
Eric,Knight,eknight7i@qq.com,Senior Cost Accountant,156469,TDR,Shufflester
Angela,Harper,aharper7j@blogger.com,Business Systems Development Analyst,99296,New Product Ideas,Rhycero
Christina,Griffin,cgriffin7k@people.com.cn,Data Coordiator,135762,MTP3,Trudoo
Ashley,Russell,arussell7l@nhs.uk,Tax Accountant,107512,Yamaha PM5D,Rhynyx
Keith,Lynch,klynch7m@ovh.net,Accounting Assistant III,57859,xPC Target,Jaxspan
Lori,Wallace,lwallace7n@chronoengine.com,Legal Assistant,38247,Vsftpd,Jetpulse
Henry,Kennedy,hkennedy7o@senate.gov,Computer Systems Analyst IV,143290,Beauty Industry,Skivee
Janice,Martinez,jmartinez7p@prlog.org,General Manager,95994,Visual Merchandising,Realfire
Kathleen,Hunter,khunter7q@infoseek.co.jp,Accountant IV,52243,WCF Services,Skiba
Katherine,Cunningham,kcunningham7r@csmonitor.com,Web Designer III,42929,Classical Guitar,Skidoo
Rebecca,Tucker,rtucker7s@comcast.net,Programmer II,82081,Oscilloscope,Eazzy
Carlos,Lynch,clynch7t@indiegogo.com,Sales Representative,121554,Valuation,Mynte
Kenneth,Hayes,khayes7u@intel.com,Recruiter,85691,Kontakt,Tagopia
Brandon,Harvey,bharvey7v@nps.gov,Speech Pathologist,153919,NSPS,Meetz
Martha,Graham,mgraham7w@reference.com,Financial Advisor,37992,HL7,Skynoodle
Frank,Arnold,farnold7x@opera.com,Speech Pathologist,105867,Amazon RDS,Blognation
Ruby,Hicks,rhicks7y@ucoz.com,Structural Analysis Engineer,41210,Kohana,Browsetype
Emily,Reed,ereed7z@amazonaws.com,Recruiting Manager,75508,Novell Netware,Youtags
Jimmy,Harrison,jharrison80@myspace.com,VP Product Management,90786,JDOM,Blogtags
Carlos,Bell,cbell81@mysql.com,Staff Accountant I,89380,Wholesale,Tagpad
George,Lawson,glawson82@amazon.co.jp,Environmental Tech,62687,Xserve,Jabberstorm
Harold,Palmer,hpalmer83@usa.gov,Accounting Assistant II,76879,KML,Mudo
Catherine,Mcdonald,cmcdonald84@sogou.com,Associate Professor,75486,Yellow Pages,Skyba
Richard,Woods,rwoods85@dedecms.com,Help Desk Technician,145016,Radio Advertising,Vinder
Craig,Henry,chenry86@businesswire.com,Geologist III,132784,Operational Efficiency,Yambee
Lawrence,Miller,lmiller87@jimdo.com,Quality Control Specialist,105223,Criminal Justice,Voomm
Marilyn,Crawford,mcrawford88@bbb.org,Food Chemist,100958,Global Marketing,Bubbletube
Christina,Ramirez,cramirez89@loc.gov,Editor,41288,Capital Equipment Sales,Lazz
Andrea,Sanders,asanders8a@stanford.edu,Actuary,75955,Functional Training,Aimbo
Amy,Murphy,amurphy8b@weibo.com,Executive Secretary,38293,Lightroom,Realfire
Phillip,Andrews,pandrews8c@phpbb.com,Director of Sales,100955,GCIH,Jabberbean
Denise,Collins,dcollins8d@sbwire.com,Administrative Assistant IV,109066,DNA Repair,Twitterwire
Jimmy,Shaw,jshaw8e@nydailynews.com,VP Sales,174851,SBR,Twinte
Andrea,Nguyen,anguyen8f@answers.com,Chief Design Engineer,80891,VGA,Eimbee
Theresa,Butler,tbutler8g@army.mil,Sales Representative,122752,UDS,Youtags
Theresa,Walker,twalker8h@hibu.com,Web Designer IV,37286,Multi-Unit Management,Roombo
Janice,Stone,jstone8i@mediafire.com,Office Assistant IV,70778,RLM,Talane
Theresa,Knight,tknight8j@jigsy.com,Professor,43108,XP Professional,Bubbletube
Kathryn,Wright,kwright8k@mozilla.org,Safety Technician I,80413,International HR,Gigazoom
Aaron,Ellis,aellis8l@cdc.gov,Nuclear Power Engineer,48585,OLEDB,Miboo
Martin,Hill,mhill8m@google.pl,Senior Sales Associate,138393,High Availability Clustering,Eayo
Lillian,Riley,lriley8n@imageshack.us,Speech Pathologist,35383,Lunix,Voolia
Jane,Medina,jmedina8o@patch.com,Chemical Engineer,118901,Rigging,Browsetype
Frank,Richardson,frichardson8p@liveinternet.ru,Compensation Analyst,47801,iHotelier,Jabbersphere
Deborah,Cook,dcook8q@wunderground.com,Physical Therapy Assistant,168702,LLC,Eare
Russell,Wright,rwright8r@msn.com,Recruiting Manager,104834,AXI,Livepath
Kathryn,Stone,kstone8s@free.fr,Health Coach II,113748,Microsoft Certified Professional,Riffpedia
George,Shaw,gshaw8t@aboutads.info,Payment Adjustment Coordinator,107122,IATSE,Latz
Gregory,Nichols,gnichols8u@youtu.be,Statistician II,153248,uClinux,Myworks
Wanda,Jackson,wjackson8v@wiley.com,Librarian,62739,PFEMA,Dynazzy
Mary,Holmes,mholmes8w@wp.com,Financial Analyst,90735,RS/6000,Skivee
Ruby,Ruiz,rruiz8x@noaa.gov,Graphic Designer,143810,Health Promotion,Youspan
Elizabeth,Reynolds,ereynolds8y@godaddy.com,Administrative Officer,90512,Baan ERP,Zoomlounge
Melissa,Scott,mscott8z@woothemes.com,Financial Advisor,152707,Keyboards,Dabfeed
Ann,Griffin,agriffin90@scribd.com,Senior Editor,58787,PPV,Voonix
Douglas,Morgan,dmorgan91@seesaa.net,Pharmacist,141640,CMS,Fivebridge
Stephen,Wagner,swagner92@accuweather.com,Account Representative IV,174735,WSUS,Divanoodle
Frank,Henry,fhenry93@tumblr.com,Nuclear Power Engineer,157361,MFC,Trupe
Jerry,Mitchell,jmitchell94@about.me,Nuclear Power Engineer,155207,DTH,Linkbuzz
Norma,Hill,nhill95@princeton.edu,Associate Professor,98957,Copy Typing,Gabvine
Evelyn,Hunter,ehunter96@163.com,Paralegal,172964,Obedience,Kwideo
Robin,Gibson,rgibson97@stumbleupon.com,Civil Engineer,78834,Elder Care,Brainsphere
Lori,Carroll,lcarroll98@wordpress.com,Help Desk Operator,48329,CPLD,Wikivu
Raymond,Washington,rwashington99@phoca.cz,Computer Systems Analyst IV,49714,CD Mastering,Buzzster
Debra,Johnson,djohnson9a@vk.com,Research Assistant III,108651,Mood Boards,Meeveo
Amy,Thomas,athomas9b@uiuc.edu,Accountant II,53753,Disability Insurance,Quatz
Earl,Anderson,eanderson9c@bluehost.com,Programmer III,145960,Zone Alarm,Dynabox
Michael,Hamilton,mhamilton9d@goo.gl,Automation Specialist II,166236,NT Backup,Twiyo
Martha,Ryan,mryan9e@altervista.org,Software Consultant,111186,Urban Agriculture,Aimbo
Andrew,Cruz,acruz9f@bing.com,Marketing Manager,168135,Interactive Whiteboard,Jabberstorm
Timothy,Holmes,tholmes9g@cornell.edu,VP Sales,49281,JiBX,Aivee
Adam,Ortiz,aortiz9h@ted.com,Assistant Manager,46960,IBM HTTP Server,Zoomlounge
Philip,Duncan,pduncan9i@msn.com,Accountant IV,62876,Ulead VideoStudio,Buzzshare
Ruth,Adams,radams9j@yandex.ru,Quality Engineer,43533,WS,Zoonoodle
Philip,Burton,pburton9k@globo.com,Analog Circuit Design manager,59550,RDP,Pixonyx
Ralph,Thompson,rthompson9l@yolasite.com,Automation Specialist IV,116330,IT Hardware Support,Skiptube
James,Ramos,jramos9m@dropbox.com,Senior Developer,159465,BPWin,Voonder
Wayne,Campbell,wcampbell9n@imgur.com,Research Associate,108387,High Availability Clustering,Midel
Wanda,Cole,wcole9o@usgs.gov,GIS Technical Architect,57800,HACCP,Lazzy
Benjamin,Moore,bmoore9p@prweb.com,Automation Specialist I,153715,Dell KACE,Feedfire
John,Coleman,jcoleman9q@ted.com,Web Developer IV,39614,TVC,Quimba
Mildred,Graham,mgraham9r@pagesperso-orange.fr,Marketing Manager,53411,Supply Chain Management,Midel
Billy,Ramos,bramos9s@tamu.edu,Software Test Engineer IV,103039,University Teaching,Zoomdog
Melissa,Welch,mwelch9t@blog.com,Project Manager,124050,BPCS,Skiba
Doris,Graham,dgraham9u@imgur.com,Quality Control Specialist,35891,Ericsson OSS,Jetpulse
Thomas,Hamilton,thamilton9v@java.com,Nurse Practicioner,132685,Identity Theft,Skidoo
Joseph,Smith,jsmith9w@nbcnews.com,Media Manager III,65934,Management Due Diligence,Zoonoodle
Sandra,Torres,storres9x@altervista.org,Nuclear Power Engineer,39800,UCINET,Demivee
James,Hudson,jhudson9y@buzzfeed.com,Account Coordinator,146374,Hand Knitting,Rhycero
Albert,Franklin,afranklin9z@dell.com,Mechanical Systems Engineer,161846,SLES,Livetube
Martin,Tucker,mtuckera0@marketwatch.com,Recruiter,101807,BD+C,Buzzdog
Jose,Evans,jevansa1@bbb.org,Biostatistician III,170728,Cash Handling,Voonyx
Michael,Hall,mhalla2@networksolutions.com,Design Engineer,104573,LaTeX,Twitterwire
Angela,Jones,ajonesa3@facebook.com,VP Product Management,65160,JSP,Rhybox
Norma,Sullivan,nsullivana4@tinyurl.com,Data Coordiator,48709,Aesthetic Surgery,Voonix
Amy,Hansen,ahansena5@nsw.gov.au,Social Worker,97154,Psychometrics,Devify
Ann,Harrison,aharrisona6@pen.io,Human Resources Assistant I,40256,eBusiness Suite,Skyble
Tammy,Reyes,treyesa7@skyrock.com,Chemical Engineer,138952,DDA,Feedmix
Lisa,Stephens,lstephensa8@tumblr.com,Information Systems Manager,48239,Flooring,Tagfeed
Kathy,West,kwesta9@ezinearticles.com,Teacher,68096,Organizational Behavior,Yombu
Scott,Martinez,smartinezaa@hatena.ne.jp,Statistician IV,120793,Humanitarian,Blogtags
Richard,Stone,rstoneab@ed.gov,Payment Adjustment Coordinator,50327,RCRA,Realpoint
Victor,Warren,vwarrenac@scribd.com,Financial Analyst,151238,SSL Certificates,Abatz
Annie,Carpenter,acarpenterad@walmart.com,Social Worker,144923,CMDB,Kwideo
Cynthia,Jackson,cjacksonae@baidu.com,Software Consultant,151828,uC/OS-II,Vitz
Jean,Webb,jwebbaf@histats.com,Operator,79272,IT Service Management,Fivebridge
Juan,Stanley,jstanleyag@reverbnation.com,Assistant Professor,166852,EBITDA,Aibox
Judy,Wilson,jwilsonah@vkontakte.ru,Environmental Specialist,133052,TyMetrix,Bluezoom
Joseph,Stewart,jstewartai@flavors.me,Staff Scientist,130914,RNA,Pixoboo
Jeffrey,Grant,jgrantaj@drupal.org,Nurse Practicioner,65115,RNA,Livepath
Judy,Garcia,jgarciaak@amazonaws.com,Food Chemist,37506,JPEG,Gabvine
Elizabeth,Price,epriceal@sphinn.com,Operator,103752,Product Development,Livefish
Randy,Shaw,rshawam@nymag.com,Social Worker,82282,Sustainable Agriculture,Kaymbo
Benjamin,Collins,bcollinsan@engadget.com,Data Coordiator,121305,QMF for Windows,Ooba
John,Henry,jhenryao@indiegogo.com,Accounting Assistant II,86784,P&amp;ID,Zoomcast
Justin,Patterson,jpattersonap@google.it,Analyst Programmer,89403,Lync,Skalith
Donna,Davis,ddavisaq@deviantart.com,Electrical Engineer,62831,SEO,Mydo
Alan,Henry,ahenryar@gravatar.com,Social Worker,49154,ISO/TS 16949,Oyonder
Susan,Fowler,sfowleras@buzzfeed.com,Librarian,35191,UV Mapping,Devify
Jesse,Stewart,jstewartat@fastcompany.com,Senior Developer,62708,PC Games,Vipe
Donald,Gutierrez,dgutierrezau@oakley.com,Software Consultant,130111,WTX,Skyvu
Peter,Freeman,pfreemanav@economist.com,Statistician I,66026,Time &amp; Attendance,Edgeify
Alice,Crawford,acrawfordaw@youku.com,Registered Nurse,42558,Competitive Analysis,Devpulse
Antonio,Cook,acookax@google.de,VP Product Management,164757,MRI,Zoonoodle
George,Marshall,gmarshallay@tinyurl.com,VP Sales,135995,Yelp,Flashpoint
Wanda,Jenkins,wjenkinsaz@4shared.com,Computer Systems Analyst II,171394,Youth Entrepreneurship,Twitternation
Janet,Shaw,jshawb0@whitehouse.gov,Speech Pathologist,173164,NLP,Quatz
Judith,Knight,jknightb1@ustream.tv,Design Engineer,39111,eGaming,Fivebridge
Linda,Owens,lowensb2@squidoo.com,Sales Representative,67961,PnL Management,Cogibox
Susan,Smith,ssmithb3@angelfire.com,Automation Specialist I,144158,VBA,Roombo
Paul,Stanley,pstanleyb4@nih.gov,Electrical Engineer,148069,Adobe Acrobat,Blogpad
Christopher,Dixon,cdixonb5@delicious.com,Accountant IV,134468,Kinematics,Topicblab
Gerald,Murphy,gmurphyb6@netvibes.com,Cost Accountant,149604,Ice Hockey,Browsebug
Julie,Johnson,jjohnsonb7@army.mil,Data Coordiator,83978,WPS,Livefish
Gerald,Martinez,gmartinezb8@state.tx.us,Food Chemist,134732,Project Management,Kwimbee
Sean,Hunt,shuntb9@prnewswire.com,Human Resources Manager,134167,POS,Fanoodle
Carlos,Sims,csimsba@princeton.edu,Pharmacist,152411,Urgent Care,Twimbo
Timothy,Gonzalez,tgonzalezbb@princeton.edu,Design Engineer,133326,Rheumatoid Arthritis,Yakidoo
Evelyn,Harris,eharrisbc@springer.com,Web Designer II,62116,Police,Avaveo
Helen,Reid,hreidbd@sciencedirect.com,Nurse Practicioner,100817,Healing,Divape
Frances,Reid,freidbe@netlog.com,Tax Accountant,160981,Yammer,Skippad
Wayne,Elliott,welliottbf@cbc.ca,Engineer II,83799,LR,Gigaclub
Julie,Butler,jbutlerbg@cafepress.com,Nuclear Power Engineer,64017,Alcohol Awareness,Riffwire
Kimberly,Fernandez,kfernandezbh@comcast.net,Office Assistant III,61599,Business Alliances,Zazio
Mildred,Washington,mwashingtonbi@csmonitor.com,Developer III,35863,RS485,Brainbox
Virginia,Kelly,vkellybj@illinois.edu,Office Assistant III,158887,DVI,Skyvu
Robin,Welch,rwelchbk@elegantthemes.com,Analyst Programmer,36823,MD5,Skimia
Cheryl,Carpenter,ccarpenterbl@discuz.net,Staff Accountant III,142374,Eye Surgery,Mydo
Janice,Andrews,jandrewsbm@bloomberg.com,Engineer II,72694,Aviation,Meeveo
Joshua,Ruiz,jruizbn@photobucket.com,Executive Secretary,69590,iPhoto,Kwilith
Andrea,Freeman,afreemanbo@loc.gov,Design Engineer,153427,Journalism,Buzzdog
Robin,Barnes,rbarnesbp@deliciousdays.com,Account Executive,158801,YSlow,Flipopia
Mark,Adams,madamsbq@prweb.com,Research Nurse,143340,Youth Engagement,Fliptune
Norma,Robertson,nrobertsonbr@netvibes.com,Internal Auditor,45160,Patrol,Gabcube
Bruce,Richardson,brichardsonbs@newyorker.com,General Manager,89155,PBIS,Eare
Michael,Moreno,mmorenobt@oaic.gov.au,Recruiter,103941,GCC,Zazio
Stephanie,Wells,swellsbu@arizona.edu,Occupational Therapist,155041,VSE,Oozz
Nicole,Campbell,ncampbellbv@usa.gov,Community Outreach Specialist,82203,GNSS,Mynte
Walter,Howell,whowellbw@storify.com,Registered Nurse,93302,Substance Use Disorders,Youfeed
Laura,Jordan,ljordanbx@aboutads.info,Community Outreach Specialist,69778,Naval Architecture,Skilith
Virginia,Fisher,vfisherby@surveymonkey.com,Assistant Professor,55976,PFD,Oyondu
Jessica,Cruz,jcruzbz@usgs.gov,Associate Professor,98783,EGPRS,Riffwire
Justin,Mccoy,jmccoyc0@narod.ru,Senior Quality Engineer,110124,Commercial Kitchen Design,Ntag
Ruth,Simpson,rsimpsonc1@boston.com,Financial Advisor,39550,EU Law,Edgeify
Robert,Ruiz,rruizc2@google.es,Food Chemist,152338,AC Nielsen,Photobean
Nancy,Reid,nreidc3@answers.com,Quality Control Specialist,48304,Fashion Shows,Voomm
Kenneth,Kelley,kkelleyc4@npr.org,Web Designer I,163918,Final Cut Pro,Tazzy
Nicholas,Banks,nbanksc5@google.com.br,Administrative Assistant II,45687,VA Loans,Camido
Brandon,Johnston,bjohnstonc6@smugmug.com,Nuclear Power Engineer,99377,RMAN,Skynoodle
Wayne,Rivera,wriverac7@fema.gov,VP Quality Control,105647,MFR,Yacero
Ryan,Lawrence,rlawrencec8@tumblr.com,Marketing Manager,173515,Administration,Blogtag
Eric,Wilson,ewilsonc9@studiopress.com,Registered Nurse,92354,Americans with Disabilities Act,BlogXS
Mark,Oliver,moliverca@sohu.com,VP Accounting,113787,Avid,Jayo
Doris,Bowman,dbowmancb@whitehouse.gov,Staff Scientist,112008,OASIS,Youtags
Gerald,Hicks,ghickscc@sfgate.com,Structural Analysis Engineer,48375,SSAS 2008,Shufflebeat
Irene,Morgan,imorgancd@indiatimes.com,Accountant III,153972,Yahoo Search,LiveZ
Kenneth,Dean,kdeance@github.com,Programmer III,52814,BDD,Ailane
Sharon,Austin,saustincf@ft.com,Marketing Manager,49160,Ffmpeg,Twiyo
Theresa,Ross,trosscg@wikispaces.com,Help Desk Operator,59531,RFID,Flashpoint
Maria,Henry,mhenrych@craigslist.org,Analyst Programmer,91690,HDL Designer,Meembee
Diane,Ross,drossci@google.com,Financial Advisor,80798,FTC,Wordware
Paul,Garza,pgarzacj@dmoz.org,Director of Sales,131683,Cell Biology,Agimba
Eugene,Welch,ewelchck@issuu.com,Environmental Specialist,94008,OAS,Buzzshare
Stephanie,Medina,smedinacl@youtu.be,Associate Professor,95409,Fashion Shows,Jetpulse
Fred,Meyer,fmeyercm@smh.com.au,Food Chemist,113395,SMS,Eadel
Steven,Lopez,slopezcn@godaddy.com,Sales Representative,121281,IBM Websphere Commerce,Devpoint
Elizabeth,Nichols,enicholsco@rambler.ru,Human Resources Assistant IV,164042,Avid Media Composer,Jabberbean
Rachel,Owens,rowenscp@timesonline.co.uk,Director of Sales,61892,Winning Others Over,Talane
Matthew,Stephens,mstephenscq@loc.gov,Staff Scientist,161451,GPS Navigation,Oyonder
Mark,Hernandez,mhernandezcr@wikipedia.org,Paralegal,67424,IFE,Jaxnation
Heather,Andrews,handrewscs@java.com,Engineer III,94877,Jet Fuel,Twiyo
Nancy,Montgomery,nmontgomeryct@yahoo.co.jp,Research Associate,165654,Mysis,Gigashots
Susan,Hudson,shudsoncu@edublogs.org,Geological Engineer,104018,VPLS,Gabcube
Amy,Fowler,afowlercv@vinaora.com,Automation Specialist IV,50452,Higher Education,Kare
Jessica,Hudson,jhudsoncw@comsenz.com,Sales Associate,71576,PKCS#11,Babbleopia
Charles,Mcdonald,cmcdonaldcx@booking.com,Junior Executive,171611,Speech Writing,Zoomdog
Frances,Watkins,fwatkinscy@deliciousdays.com,Developer III,169031,HDF5,Feedbug
Jacqueline,Reyes,jreyescz@thetimes.co.uk,Occupational Therapist,85342,BSCI,Wordware
Earl,Phillips,ephillipsd0@tuttocitta.it,Project Manager,68420,Pyrotechnics,Ntags
Donna,Harris,dharrisd1@slideshare.net,Senior Developer,58082,Social Services,Jazzy
James,Wilson,jwilsond2@fastcompany.com,Librarian,137855,GPFS,Skimia
Terry,Bishop,tbishopd3@cyberchimps.com,Budget/Accounting Analyst I,80455,Wholesale Operations,Yoveo
Elizabeth,Palmer,epalmerd4@gmpg.org,Junior Executive,172971,iLife,Plajo
Joshua,Bryant,jbryantd5@irs.gov,Data Coordiator,140398,FCRA,Skalith
Earl,Hill,ehilld6@mit.edu,Research Associate,79883,Kurzweil,Topicblab
Eugene,Boyd,eboydd7@dmoz.org,Senior Editor,163140,CTC,Flashpoint
Ronald,Franklin,rfranklind8@irs.gov,Operator,98759,Customer Support,Voolia
Ruth,Garcia,rgarciad9@huffingtonpost.com,Developer II,78446,IHE,Livetube
Mildred,Sanchez,msanchezda@facebook.com,Pharmacist,147384,MVNO,Divavu
Billy,Rose,brosedb@merriam-webster.com,Actuary,112080,CFD,Jamia
Mary,Hicks,mhicksdc@springer.com,Chemical Engineer,79017,XFP,Topicblab
Anthony,Turner,aturnerdd@studiopress.com,Marketing Assistant,69190,Operational Oversight,Yombu
Thomas,Hicks,thicksde@newsvine.com,Dental Hygienist,61707,GCIH,Kanoodle
Paul,Robertson,probertsondf@yahoo.com,Nurse,140426,OTDR,Brainsphere
Marilyn,Jackson,mjacksondg@nhs.uk,Operator,107397,SBMS,Oyoyo
Jimmy,Griffin,jgriffindh@imgur.com,Project Manager,164565,GTM,Wordify
Shawn,Alvarez,salvarezdi@latimes.com,Web Designer I,143825,Outerwear,Gabvine
Tammy,Simpson,tsimpsondj@free.fr,Editor,111898,VHDL,Twimm
Joseph,Franklin,jfranklindk@de.vu,Information Systems Manager,47592,RS232,Pixonyx
Brandon,Mitchell,bmitchelldl@typepad.com,Business Systems Development Analyst,112371,Ericsson OSS,Zooxo
Linda,Anderson,landersondm@webnode.com,Operator,54424,Human Factors,Rhynoodle
Kelly,Bell,kbelldn@wordpress.com,Pharmacist,60881,Justice,Livetube
Eric,Elliott,eelliottdo@squidoo.com,Executive Secretary,119650,International Business,Flipbug
Jeremy,Jones,jjonesdp@usda.gov,Director of Sales,96017,Genetics,Voolia
Howard,Garrett,hgarrettdq@comsenz.com,Operator,135913,Small Business Development,Photobug
Paul,Griffin,pgriffindr@netscape.com,Executive Secretary,173433,LNG,Oyoloo
Albert,Gordon,agordonds@cornell.edu,Quality Engineer,109009,Interviewing Skills,Yambee
Joan,Mason,jmasondt@netlog.com,Junior Executive,111443,PMD,Meevee
Lisa,Owens,lowensdu@smh.com.au,Social Worker,116010,American English,Ooba
Jeffrey,Parker,jparkerdv@hugedomains.com,Human Resources Manager,60647,Embedded C,Yambee
Lisa,Bowman,lbowmandw@businessinsider.com,Compensation Analyst,144613,Eyeon Fusion,Aimbu
Nicole,Sanchez,nsanchezdx@google.com.hk,Technical Writer,85363,BMP,Meedoo
Gary,Hall,ghalldy@cornell.edu,Health Coach I,122670,XFire,Jaxspan
John,Jordan,jjordandz@china.com.cn,Senior Developer,133054,Smartforms,Yakidoo
Carlos,Fuller,cfullere0@state.gov,Accounting Assistant III,98853,Uranium,Quire
Sean,Parker,sparkere1@stanford.edu,Business Systems Development Analyst,87454,NGL,Zoonder
Jane,Montgomery,jmontgomerye2@nhs.uk,Chemical Engineer,80354,Credit,Twitterbeat
Amanda,Wheeler,awheelere3@fastcompany.com,Marketing Assistant,74122,EEPROM,Browsezoom
Stephen,Williams,swilliamse4@gizmodo.com,Associate Professor,93516,GSLC,Feedspan
Aaron,Stewart,astewarte5@wisc.edu,Accountant II,74516,GUI development,Browsetype
Christina,Schmidt,cschmidte6@deliciousdays.com,Accountant IV,168389,AQTF compliance,Latz
Joe,Jackson,jjacksone7@hc360.com,Biostatistician III,35664,End User Training,Zoonoodle
Anthony,Wallace,awallacee8@apache.org,Senior Financial Analyst,171811,HP Networking,Oloo
Elizabeth,Sullivan,esullivane9@china.com.cn,Associate Professor,39541,Snooker,Voonix
Sandra,Morris,smorrisea@xinhuanet.com,Senior Financial Analyst,115691,Alternative Dispute Resolution,Topicshots
Brandon,Thomas,bthomaseb@ebay.com,Editor,125851,DDR3,Camido
Ashley,Morgan,amorganec@qq.com,Account Representative IV,100686,SAP XI,JumpXS
Wanda,Hall,whalled@4shared.com,Biostatistician II,174827,Microcontrollers,Realblab
Donna,Frazier,dfrazieree@simplemachines.org,Budget/Accounting Analyst II,156888,WDK,Trilia
Scott,Chavez,schavezef@artisteer.com,Technical Writer,40507,Fund Of Funds,Quamba
Michelle,Willis,mwilliseg@newyorker.com,Actuary,52005,Start-up Ventures,Skalith
Earl,Hanson,ehansoneh@intel.com,Administrative Assistant II,62906,Brochures,Livetube
Irene,Alvarez,ialvarezei@sakura.ne.jp,Environmental Specialist,88090,LPCVD,Skajo
Juan,Jenkins,jjenkinsej@archive.org,Librarian,37804,Tourism,Gevee
Dorothy,Pierce,dpierceek@webs.com,Pharmacist,59394,FCNSA,Rhyloo
Jeffrey,Lewis,jlewisel@bloglovin.com,Safety Technician II,38042,Executive Protection,Divape
Linda,Hayes,lhayesem@sciencedirect.com,Structural Engineer,40845,LTACH,Rhyloo
Roger,Phillips,rphillipsen@japanpost.jp,Human Resources Assistant I,112064,ISO 14971,Oyope
Ruth,Matthews,rmatthewseo@clickbank.net,Analog Circuit Design manager,62036,Klout,Yabox
Julia,Sanders,jsandersep@illinois.edu,Nuclear Power Engineer,98481,.htaccess,Lazzy
Juan,Dixon,jdixoneq@networksolutions.com,Legal Assistant,99826,Major Gift Development,Skinte
Barbara,Wright,bwrighter@noaa.gov,Assistant Media Planner,109769,Radio Promotions,Feedbug
Beverly,Campbell,bcampbelles@mapy.cz,Help Desk Operator,38957,Hazardous Materials,Dablist
Shawn,Cunningham,scunninghamet@list-manage.com,Web Designer II,51553,Static Timing Analysis,Edgeify
Kathryn,Ellis,kelliseu@amazonaws.com,Software Engineer II,133742,CCNP Certified,Tagtune
Andrea,Fernandez,afernandezev@stumbleupon.com,Senior Quality Engineer,149706,RRC,Pixonyx
Christina,Austin,caustinew@ycombinator.com,Human Resources Manager,164174,Piloting,Buzzshare
Raymond,Banks,rbanksex@cyberchimps.com,Engineer III,79245,Ericsson OSS,Devify
Michelle,Cunningham,mcunninghamey@bloglovin.com,Payment Adjustment Coordinator,172929,Zainet,Dabvine
Andrea,Berry,aberryez@oakley.com,Help Desk Technician,124461,Avionics,Meevee
Andrew,Richardson,arichardsonf0@ftc.gov,Data Coordiator,167835,Immigration Law,Youbridge
Lawrence,Porter,lporterf1@oaic.gov.au,Staff Scientist,153981,RTCP,Kaymbo
Sara,Hart,shartf2@themeforest.net,Help Desk Operator,98659,PDA,JumpXS
Billy,Turner,bturnerf3@wikia.com,Geologist I,81836,CFOs,Ozu
Wayne,Jacobs,wjacobsf4@godaddy.com,Statistician III,82364,Ubiquitous Computing,Brightbean
Virginia,Bowman,vbowmanf5@yellowpages.com,Payment Adjustment Coordinator,145450,SEM,Skipstorm
Gloria,Palmer,gpalmerf6@hp.com,Administrative Officer,84281,PPA,Aimbo
Lisa,Wright,lwrightf7@amazon.de,Recruiting Manager,65229,MPBN,Centizu
Jose,Gray,jgrayf8@delicious.com,Assistant Manager,70027,DWDM,Youspan
Angela,Stephens,astephensf9@usa.gov,Chief Design Engineer,100924,PVR,Edgeclub
Charles,Powell,cpowellfa@yahoo.com,Senior Quality Engineer,114040,Risk Assessment,Brightdog
Marie,Meyer,mmeyerfb@archive.org,Design Engineer,82416,CDMA,Tagchat
Russell,Hicks,rhicksfc@reddit.com,Dental Hygienist,151969,CATIA,Browseblab
Wayne,Olson,wolsonfd@oracle.com,Engineer IV,95832,SAP SD Module,Topicware
Nancy,Hicks,nhicksfe@cargocollective.com,Project Manager,113082,Olive Oil,Meetz
Rebecca,Knight,rknightff@stumbleupon.com,Analyst Programmer,76877,Data Center,Omba
Willie,Kim,wkimfg@surveymonkey.com,Structural Analysis Engineer,35698,uClinux,Oyonder
Walter,Rogers,wrogersfh@quantcast.com,Office Assistant I,82648,PXRD,Jatri
Martin,Schmidt,mschmidtfi@army.mil,Staff Scientist,95086,SQL Server Management Studio,Kamba
Roger,Smith,rsmithfj@altervista.org,VP Sales,52893,SAP PS,Tagopia
Russell,Sanchez,rsanchezfk@dell.com,Administrative Assistant II,94411,CNN Pathfire,Buzzbean
Christine,Nelson,cnelsonfl@freewebs.com,Registered Nurse,120222,Play Therapy,Voomm
Antonio,Fields,afieldsfm@census.gov,Teacher,167567,New Hire Orientations,Skilith
Denise,Scott,dscottfn@accuweather.com,Accounting Assistant IV,90305,PC building,Meejo
Diana,Gonzalez,dgonzalezfo@goo.gl,Structural Analysis Engineer,127893,International NGOs,Voonix
Anne,Hanson,ahansonfp@vistaprint.com,Research Associate,72553,DVB-H,Jetwire
Mark,Mason,mmasonfq@scribd.com,Programmer II,97358,Bluetooth,Digitube
Frances,Washington,fwashingtonfr@godaddy.com,Senior Sales Associate,38738,IaaS,Avamba
Mark,Larson,mlarsonfs@amazon.co.uk,Structural Engineer,100780,Grants,Oodoo
Tina,Stewart,tstewartft@blogspot.com,Help Desk Technician,127903,Leases,Blogpad
Susan,Murphy,smurphyfu@icq.com,Accounting Assistant II,94508,SAP OM,Mydeo
Sean,Lee,sleefv@bluehost.com,Quality Engineer,125945,Thought Leadership,Kare
Martin,Freeman,mfreemanfw@ovh.net,Health Coach I,39657,Thin Films,Jetwire
Harold,Bennett,hbennettfx@intel.com,Marketing Assistant,52302,Botany,Fiveclub
Kelly,Richardson,krichardsonfy@adobe.com,Statistician IV,140810,GIS systems,Quatz
Wayne,Rodriguez,wrodriguezfz@deviantart.com,Chief Design Engineer,40863,CMBS,Reallinks
Chris,Watson,cwatsong0@merriam-webster.com,Clinical Specialist,68196,Umbrellas,Flipopia
Roger,Watkins,rwatkinsg1@google.nl,Assistant Media Planner,59258,VPP,Leenti
Earl,Morris,emorrisg2@mit.edu,Internal Auditor,76454,Pinterest,Gabvine
Carl,Perry,cperryg3@parallels.com,Statistician III,51174,Patient Education,Dabjam
Shawn,Walker,swalkerg4@hibu.com,Speech Pathologist,159406,CRM,Edgeclub
Norma,Powell,npowellg5@mapquest.com,Geological Engineer,55898,XBR,Topicblab
Larry,Sanders,lsandersg6@ucoz.ru,Junior Executive,112753,System Deployment,Riffwire
Irene,Frazier,ifrazierg7@discovery.com,Help Desk Operator,92349,Wide Format Printing,Zazio
Martin,Miller,mmillerg8@google.com.hk,Nuclear Power Engineer,97520,xPON,Dabjam
Denise,Jacobs,djacobsg9@canalblog.com,Associate Professor,70928,Successful Business Owner,Wikivu
William,Martinez,wmartinezga@ihg.com,Design Engineer,164436,Urban,Avamm
Lawrence,Cole,lcolegb@gmpg.org,VP Product Management,107973,XML Gateway,Geba
Norma,Watkins,nwatkinsgc@hp.com,Sales Representative,166358,NIR Spectroscopy,Ozu
Louis,Robinson,lrobinsongd@yahoo.co.jp,Assistant Professor,102090,Cisco Routers,Trudeo
Janice,Diaz,jdiazge@go.com,Sales Representative,52810,Grant Writing,Skinder
Sara,Howard,showardgf@gravatar.com,Analog Circuit Design manager,167706,Social Media Marketing,Rhynyx
Debra,Franklin,dfranklingg@technorati.com,Registered Nurse,128940,Freight Forwarding,Reallinks
Paula,Greene,pgreenegh@nature.com,Help Desk Technician,66076,Adobe Creative Suite,Kwideo
Michelle,Weaver,mweavergi@wikimedia.org,Engineer II,148577,Spanish,Midel
Ronald,Ford,rfordgj@ustream.tv,Operator,73737,Aerobics,Photobug
Carolyn,Sims,csimsgk@mapy.cz,Chemical Engineer,48423,PBX,Talane
Joe,Roberts,jrobertsgl@artisteer.com,Professor,56023,eTOM,Vinder
Terry,Brooks,tbrooksgm@cdbaby.com,Web Designer III,120796,CQI,Dabjam
Lois,Hernandez,lhernandezgn@wp.com,GIS Technical Architect,149852,Gypsum,Brainsphere
Louise,Ortiz,lortizgo@noaa.gov,Project Manager,87834,Mobile Devices,Devcast
Chris,James,cjamesgp@ox.ac.uk,Internal Auditor,165692,Pay TV,Dynabox
Kevin,Cox,kcoxgq@pinterest.com,Accountant II,124138,SEO,Tekfly
Arthur,Alvarez,aalvarezgr@chronoengine.com,Automation Specialist III,137421,Cellular Communications,Voolith
Denise,Gomez,dgomezgs@apache.org,Assistant Manager,111045,Year End Accounts,Meevee
Virginia,Perez,vperezgt@umich.edu,Cost Accountant,57508,Knowledge-hungry Learner,Kanoodle
Shawn,Alexander,salexandergu@ft.com,Associate Professor,131204,Justice,Devshare
Arthur,Hayes,ahayesgv@quantcast.com,Geologist III,157371,Mixed Signal,Mydeo
Barbara,Lane,blanegw@list-manage.com,Senior Sales Associate,65326,Vacation,Katz
Russell,Lynch,rlynchgx@wisc.edu,Civil Engineer,122620,Power Plants,Muxo
Jerry,Kelley,jkelleygy@huffingtonpost.com,Research Nurse,168099,HAZOP Study,Blogspan
Kimberly,Wheeler,kwheelergz@eepurl.com,Recruiting Manager,60483,3D Visualization,JumpXS
Timothy,Gonzalez,tgonzalezh0@engadget.com,Clinical Specialist,115849,SAP SRM,Brainverse
Doris,Clark,dclarkh1@themeforest.net,Safety Technician II,102443,Thermodynamics,Edgeify
Billy,Alexander,balexanderh2@weebly.com,Geological Engineer,130026,Therapeutic Areas,Centizu
Donald,Schmidt,dschmidth3@diigo.com,Cost Accountant,113621,XDCAM,Mymm
Jose,Murray,jmurrayh4@jiathis.com,Marketing Manager,174564,Nutritional Counseling,Twitterwire
Deborah,James,djamesh5@gmpg.org,Product Engineer,53265,Brand Ambassadorship,Blognation
Arthur,Kelly,akellyh6@europa.eu,Nurse Practicioner,93303,Architectural Design,Feedmix
Teresa,Robinson,trobinsonh7@hc360.com,Budget/Accounting Analyst III,142436,Banking,Avamba
Victor,Marshall,vmarshallh8@bbb.org,Assistant Manager,47024,Web Design,Rhyloo
Beverly,Bishop,bbishoph9@com.com,Software Engineer I,120624,Duty Drawback,Mycat
Benjamin,Miller,bmillerha@multiply.com,GIS Technical Architect,47657,Oilfield,Oba
Wanda,Watkins,wwatkinshb@soundcloud.com,Structural Analysis Engineer,129852,EMR,Topiclounge
William,Fernandez,wfernandezhc@harvard.edu,Assistant Media Planner,99893,Food Safety,Zoonder
James,Taylor,jtaylorhd@netlog.com,Administrative Assistant III,135864,DVP&amp;R,Chatterpoint
Ralph,Gray,rgrayhe@loc.gov,Food Chemist,133961,Simulations,Podcat
Douglas,Henderson,dhendersonhf@ibm.com,Physical Therapy Assistant,56613,Intercollegiate Athletics,Camido
Arthur,Graham,agrahamhg@rambler.ru,Senior Editor,56207,Employee Handbooks,Buzzshare
Joseph,Howell,jhowellhh@elegantthemes.com,Occupational Therapist,131468,Factory,Flashpoint
Marilyn,Harvey,mharveyhi@epa.gov,Staff Accountant III,123140,High Yield,Dynava
Howard,Walker,hwalkerhj@reddit.com,Assistant Media Planner,85931,OOS,Realpoint
Kelly,Wells,kwellshk@themeforest.net,Media Manager I,153574,Avid DS Nitris,Flipopia
Jose,Taylor,jtaylorhl@moonfruit.com,Research Associate,123614,ITIL,Tambee
Marilyn,Barnes,mbarneshm@miibeian.gov.cn,Sales Representative,174645,Volleyball,Nlounge
Jacqueline,Ford,jfordhn@globo.com,Senior Quality Engineer,78235,Xetra,Skajo
Billy,Mccoy,bmccoyho@google.co.uk,Electrical Engineer,109320,TS2,Tavu
Matthew,King,mkinghp@epa.gov,Software Consultant,47099,International NGOs,Zooveo
Gerald,Alexander,galexanderhq@vk.com,Health Coach IV,52469,Acting,Brightdog
Phyllis,Myers,pmyershr@nps.gov,Safety Technician IV,99123,NCP,Tambee
Henry,Collins,hcollinshs@archive.org,Dental Hygienist,173029,NLTK,Yakitri
Beverly,Wright,bwrightht@sbwire.com,Financial Advisor,130759,Private Duty,Livepath
Larry,Hill,lhillhu@diigo.com,Assistant Manager,123595,DC Circuits,Skinder
Patrick,Cox,pcoxhv@networkadvertising.org,VP Accounting,88880,Korean Culture,Livetube
Lori,Matthews,lmatthewshw@parallels.com,Staff Scientist,41636,WPF Development,Youopia
Cynthia,Dean,cdeanhx@odnoklassniki.ru,Environmental Specialist,174345,DNA fingerprinting,Meejo
Bobby,Gordon,bgordonhy@google.pl,Human Resources Assistant I,91486,PPO,Dablist
Michelle,Matthews,mmatthewshz@istockphoto.com,Internal Auditor,58311,Climate Change,Flashset
Ruth,Torres,rtorresi0@skyrock.com,Legal Assistant,122933,Web Content Management,Gigabox
Charles,Frazier,cfrazieri1@wufoo.com,Senior Quality Engineer,129700,RMADS,Youspan
Lillian,Campbell,lcampbelli2@engadget.com,Speech Pathologist,141538,CCENT,Tagtune
Amy,Jones,ajonesi3@usnews.com,Electrical Engineer,141233,LCSH,Centidel
Phyllis,Dixon,pdixoni4@youku.com,Media Manager II,104944,CICS,Skivee
Thomas,Mccoy,tmccoyi5@prnewswire.com,Senior Developer,47483,HVDC,Ntag
Wayne,Gonzalez,wgonzalezi6@baidu.com,Sales Representative,134078,Shrinkage,Zooxo
Jimmy,Baker,jbakeri7@stumbleupon.com,Software Consultant,154877,Start-up Ventures,Thoughtbeat
William,Evans,wevansi8@ucla.edu,Clinical Specialist,41852,Typesetting,Tazzy
Kenneth,Kennedy,kkennedyi9@theglobeandmail.com,Occupational Therapist,163272,AHWD,Kanoodle
Kathy,Garza,kgarzaia@columbia.edu,Accountant II,149664,Psychotherapy,Oba
Willie,Berry,wberryib@1und1.de,Nurse,161758,OO Software Development,JumpXS
Clarence,Reed,creedic@scribd.com,Operator,97703,Axys,Linkbuzz
Donna,Wilson,dwilsonid@sina.com.cn,Registered Nurse,52060,Teacher Training,Demizz
Jane,Simpson,jsimpsonie@de.vu,Food Chemist,99874,FDA,Realpoint
Christopher,Riley,crileyif@gmpg.org,Nurse,160176,WLST,Feedmix
Andrea,Woods,awoodsig@com.com,Health Coach II,62549,HMDA,Browsezoom
Adam,Miller,amillerih@vinaora.com,Marketing Assistant,134122,iHistorian,Fadeo
Evelyn,Lopez,elopezii@accuweather.com,Senior Editor,115831,Trade Marketing,Abatz
Chris,Collins,ccollinsij@wufoo.com,Research Associate,161055,3D Modeling,Devcast
Theresa,Black,tblackik@nhs.uk,Administrative Officer,125250,Keyboards,Zoonoodle
Peter,Romero,promeroil@tamu.edu,Budget/Accounting Analyst II,99214,Project Estimation,Tagpad
Chris,Romero,cromeroim@mashable.com,Human Resources Manager,123325,DTE,Jazzy
Diana,Davis,ddavisin@samsung.com,Project Manager,143313,Spectroscopy,Oloo
Jonathan,Bowman,jbowmanio@walmart.com,Developer III,109030,AX 2009,Zoomdog
Jerry,Griffin,jgriffinip@squarespace.com,Quality Control Specialist,87109,Knee,Yadel
Albert,Baker,abakeriq@seesaa.net,Structural Engineer,138803,MDF,Mudo
David,James,djamesir@tinyurl.com,Data Coordiator,69727,Cisco VoIP,Skimia
Todd,Phillips,tphillipsis@bbb.org,Senior Quality Engineer,137685,Physical Oceanography,Quimm
Bonnie,Welch,bwelchit@digg.com,Senior Sales Associate,60004,PE,Fliptune
Rebecca,Warren,rwarreniu@ihg.com,Geological Engineer,135719,Reaction Kinetics,Thoughtstorm
Joan,Hawkins,jhawkinsiv@networkadvertising.org,Graphic Designer,131259,Solvency II,Blognation
Rachel,Henderson,rhendersoniw@yahoo.co.jp,Environmental Tech,110777,UI Automation,Ntag
Sarah,Greene,sgreeneix@tamu.edu,VP Accounting,82653,vCenter Server,Tazzy
Cynthia,Castillo,ccastilloiy@samsung.com,Analyst Programmer,113048,Flight Test,Lazz
Brian,Martinez,bmartineziz@stumbleupon.com,Information Systems Manager,102187,HVAC Controls,Vinder
Eric,Phillips,ephillipsj0@spiegel.de,VP Quality Control,151344,Jetty,Yakidoo
Christina,Morrison,cmorrisonj1@reference.com,Professor,113899,MBS,Rhynyx
Ruth,Larson,rlarsonj2@loc.gov,Actuary,170780,MMO,Gigabox
John,Perkins,jperkinsj3@blogger.com,VP Product Management,95457,VHDL-AMS,Yadel
Ryan,Ramirez,rramirezj4@google.com.hk,Programmer Analyst IV,96673,Police,Kwilith
Mark,Ferguson,mfergusonj5@example.com,Marketing Assistant,125975,IBC,Teklist
Kenneth,Bowman,kbowmanj6@about.com,Chemical Engineer,45971,Nightclub,Youspan
Aaron,Cooper,acooperj7@dyndns.org,Food Chemist,136633,BBP,Aimbu
Barbara,Vasquez,bvasquezj8@umn.edu,Structural Analysis Engineer,73762,NLRB,Izio
Bruce,Walker,bwalkerj9@tripadvisor.com,VP Sales,143993,VBAC,Photojam
Terry,Arnold,tarnoldja@tripadvisor.com,Software Engineer III,93917,Therapists,Flashset
Charles,Matthews,cmatthewsjb@google.fr,Graphic Designer,59316,VRF,Dabvine
Teresa,Rogers,trogersjc@howstuffworks.com,Sales Associate,172768,Fermentation,Shufflester
Anne,Gilbert,agilbertjd@examiner.com,Biostatistician II,42768,Human Capital Management,Fiveclub
Earl,Black,eblackje@moonfruit.com,Director of Sales,109534,C-TPAT,Kayveo
Roger,Rice,rricejf@hhs.gov,Legal Assistant,121521,RPD,Camimbo
Wayne,Bryant,wbryantjg@dmoz.org,Tax Accountant,152609,CVS,Edgeclub
Jason,Harvey,jharveyjh@google.com.hk,Account Executive,66772,PIX,Fivechat
Nicholas,Gardner,ngardnerji@loc.gov,Administrative Officer,92563,Blue Ocean Strategy,Cogidoo
Martin,Wagner,mwagnerjj@livejournal.com,Paralegal,102527,FSP,Meembee
Marie,White,mwhitejk@privacy.gov.au,Sales Representative,128859,RS/6000,Jaxnation
Sean,Wells,swellsjl@examiner.com,Design Engineer,73013,Jetty,Nlounge
Terry,Robertson,trobertsonjm@vkontakte.ru,Assistant Professor,135464,EBP,Skipfire
Michael,King,mkingjn@infoseek.co.jp,Community Outreach Specialist,57012,VRU,Livefish
Cheryl,Watkins,cwatkinsjo@joomla.org,GIS Technical Architect,53042,Bluetooth,Lazz
Douglas,Simpson,dsimpsonjp@newsvine.com,Marketing Assistant,153502,CDM Coordinator,Twitterbeat
Jeffrey,Carr,jcarrjq@istockphoto.com,Account Executive,160504,FMCSR,Fivechat
Harold,King,hkingjr@arstechnica.com,Cost Accountant,66603,Overseas Sourcing,Meembee
Donna,Tucker,dtuckerjs@rambler.ru,Media Manager IV,106224,Website Development,Voolia
Cynthia,Gibson,cgibsonjt@fotki.com,Information Systems Manager,50025,IR,Leenti
Willie,Fox,wfoxju@oracle.com,Senior Financial Analyst,109771,Situational Awareness,Riffwire
Albert,Peters,apetersjv@studiopress.com,VP Sales,160383,RMI,Jatri
Irene,Hunter,ihunterjw@merriam-webster.com,Web Designer III,88164,Rigging,Topicblab
Kevin,Reyes,kreyesjx@google.com.au,Editor,46970,Screenwriting,Jetwire
Julia,Olson,jolsonjy@chron.com,Business Systems Development Analyst,65952,Threat &amp; Vulnerability Management,Quinu
Gerald,Morales,gmoralesjz@google.cn,Media Manager III,115447,KOL Management,Meevee
Ernest,Ramirez,eramirezk0@prweb.com,Programmer Analyst III,100858,TBS,Photobug
Maria,Fields,mfieldsk1@list-manage.com,Account Representative IV,137703,EBSD,Voonte
Andrea,Hart,ahartk2@devhub.com,Help Desk Operator,171303,pgAdmin,Thoughtsphere
Gary,Ortiz,gortizk3@themeforest.net,Budget/Accounting Analyst I,87881,Oxygen,Vinder
Jimmy,Williams,jwilliamsk4@tumblr.com,Budget/Accounting Analyst II,86875,MDaemon,Thoughtbeat
Carl,Rice,cricek5@simplemachines.org,Information Systems Manager,35242,KDE,Youbridge
Margaret,Fuller,mfullerk6@china.com.cn,Nuclear Power Engineer,99788,DFU,Voolith
Bonnie,Oliver,boliverk7@qq.com,Nurse,71538,ProSystem fx Engagement,Aimbo
Harry,Fields,hfieldsk8@theatlantic.com,Cost Accountant,111983,MCSA + Messaging,Eire
Jane,Russell,jrussellk9@about.me,Account Coordinator,43211,SAP ERP,Edgepulse
Sean,Howard,showardka@google.com.hk,Design Engineer,97316,Offshore Oil &amp; Gas,Oloo
Lois,Fowler,lfowlerkb@bizjournals.com,General Manager,63653,NREMT,Riffpath
Dorothy,Lee,dleekc@stanford.edu,Quality Control Specialist,171545,AutoCAD,Einti
Arthur,Ryan,aryankd@homestead.com,Programmer IV,157144,OKI,Youfeed
Earl,Sanders,esanderske@twitter.com,Assistant Media Planner,38248,AJAX,Quire
Bonnie,Peterson,bpetersonkf@un.org,Geological Engineer,162248,IP CCTV,Cogilith
Andrew,Cooper,acooperkg@google.cn,Human Resources Assistant I,131429,VMware View,Meevee
Carlos,Howard,chowardkh@earthlink.net,Nuclear Power Engineer,40041,WSDL,Dabjam
Stephen,Harvey,sharveyki@xing.com,Sales Representative,144308,HtmlUnit,Voomm
Robert,Gomez,rgomezkj@seesaa.net,Help Desk Technician,72956,Eggs,Ailane
Alice,Griffin,agriffinkk@mashable.com,Operator,143214,EPM,Yodo
Beverly,Gilbert,bgilbertkl@mozilla.com,Accounting Assistant II,155881,Big 4,Nlounge
Ann,Mcdonald,amcdonaldkm@eepurl.com,Electrical Engineer,171943,McData,Zoomdog
Roger,Foster,rfosterkn@bloglovin.com,Developer I,43162,Vector NTI,Flipstorm
Andrea,Scott,ascottko@weebly.com,Media Manager II,79520,VCI,Trudoo
Gary,Cruz,gcruzkp@disqus.com,General Manager,163342,Kronos Timekeeping,Thoughtstorm
Dennis,Henry,dhenrykq@friendfeed.com,VP Product Management,151204,Shell Scripting,Dynazzy
Gloria,Powell,gpowellkr@blogs.com,Web Designer III,91144,FBA,Izio
Carol,Williams,cwilliamsks@myspace.com,Civil Engineer,67280,Copywriting,Rhyzio
Marie,Wagner,mwagnerkt@statcounter.com,Nuclear Power Engineer,157069,HMI Configuration,Yadel
Bonnie,Wilson,bwilsonku@unicef.org,Programmer II,63320,MS Excel Pivot Tables,Eazzy
Jean,Powell,jpowellkv@clickbank.net,Analog Circuit Design manager,152654,IxLoad,Ailane
Clarence,Garza,cgarzakw@bravesites.com,Professor,126424,Ergonomics,Wordtune
Daniel,Howell,dhowellkx@woothemes.com,Editor,152925,SNAP,Meemm
Frank,Graham,fgrahamky@cafepress.com,Assistant Professor,121502,Civil Litigation,Edgewire
Benjamin,Armstrong,barmstrongkz@cbc.ca,Staff Scientist,169233,WDS,Meeveo
Helen,Hanson,hhansonl0@usgs.gov,VP Sales,130496,Biotechnology,Quimba
Marie,Freeman,mfreemanl1@google.ca,Analog Circuit Design manager,128196,GAAP,Jaxspan
Joe,George,jgeorgel2@wix.com,Systems Administrator IV,114648,Fiction Writing,Demivee
Roger,Reed,rreedl3@zimbio.com,Marketing Assistant,37083,Yahoo Search Marketing,Youtags
Christina,Johnson,cjohnsonl4@columbia.edu,Marketing Manager,103425,ICU,Trunyx
Billy,Rivera,briveral5@ow.ly,VP Quality Control,61205,LTACH,Twitterwire
Maria,Mendoza,mmendozal6@globo.com,Assistant Professor,55125,RMS,Jabbersphere
Patrick,Wood,pwoodl7@sina.com.cn,Programmer Analyst IV,41249,Nielsen,Skiptube
Eric,Fowler,efowlerl8@sogou.com,Speech Pathologist,90021,Certified DDI Facilitator,Jabberbean
Jeffrey,Burns,jburnsl9@wikispaces.com,Chief Design Engineer,158728,Ektron,Meemm
Cheryl,Watson,cwatsonla@so-net.ne.jp,Community Outreach Specialist,154920,Geophysics,Ntags
Harry,Carter,hcarterlb@unc.edu,Legal Assistant,134167,T-SQL,Zoozzy
Ann,Ortiz,aortizlc@i2i.jp,VP Marketing,108472,NCP,Flipstorm
Jimmy,Carroll,jcarrollld@usnews.com,Structural Analysis Engineer,102489,Groundwater,Jaxspan
Kenneth,Hawkins,khawkinsle@ftc.gov,Systems Administrator III,91053,Yacht Racing,Demivee
Donna,Griffin,dgriffinlf@dedecms.com,Physical Therapy Assistant,110637,GNU tools,Voonte
Raymond,Allen,rallenlg@a8.net,Technical Writer,51239,VLDB,Yodoo
Cheryl,Stone,cstonelh@miitbeian.gov.cn,Junior Executive,107240,Latin America,Muxo
Victor,Myers,vmyersli@chicagotribune.com,Compensation Analyst,159521,Olympic Lifting,Rhycero
Amy,Riley,arileylj@zimbio.com,VP Accounting,71853,Tds,Oyoyo
David,Gonzalez,dgonzalezlk@hugedomains.com,Associate Professor,132743,SS7,Bubbletube
Rachel,Burton,rburtonll@fastcompany.com,Database Administrator IV,65018,Piano Playing,Jabbersphere
Jeremy,Henderson,jhendersonlm@stumbleupon.com,Engineer II,94801,JNI,Feedfish
Jennifer,Dixon,jdixonln@about.me,Assistant Professor,125135,FBD,Jaxworks
Chris,Thompson,cthompsonlo@java.com,Analyst Programmer,57347,VCT,Twimm
Jeffrey,Powell,jpowelllp@ning.com,Tax Accountant,76216,Autism Spectrum Disorders,Ainyx
Mark,Evans,mevanslq@printfriendly.com,Clinical Specialist,88068,Functional Training,Quire
Chris,Tucker,ctuckerlr@senate.gov,Programmer III,69716,iWay,Flashspan
Laura,Hernandez,lhernandezls@msu.edu,Marketing Assistant,81708,Store Management,Avaveo
Terry,Simpson,tsimpsonlt@auda.org.au,Software Consultant,145220,GC-MS,DabZ
Thomas,Porter,tporterlu@ning.com,Nurse,105138,NRF,Meemm
Harold,Alexander,halexanderlv@webnode.com,Graphic Designer,117157,RDL,Divape
Ernest,Mendoza,emendozalw@amazon.co.jp,Graphic Designer,112300,Mixed-use,Voonte
Debra,Carpenter,dcarpenterlx@vimeo.com,Design Engineer,112619,VSAT,Abata
Nicholas,Cox,ncoxly@state.gov,Data Coordiator,98039,CMOS,Aivee
Kenneth,Black,kblacklz@ovh.net,VP Marketing,74633,Eyebrow,Brainlounge
Mark,Murray,mmurraym0@apache.org,Marketing Assistant,68218,CCS,Jayo
Jerry,Matthews,jmatthewsm1@springer.com,Nuclear Power Engineer,76096,CDL Class B,Gigaclub
Sara,Russell,srussellm2@icio.us,Financial Analyst,127059,Target Costing,Yombu
Philip,Harvey,pharveym3@surveymonkey.com,Desktop Support Technician,86138,MV,Tagchat
Pamela,Robinson,probinsonm4@tinyurl.com,Programmer Analyst IV,140901,FDR,Twitterbridge
Sean,Cole,scolem5@theguardian.com,Compensation Analyst,63148,FM200,Yabox
Janet,Ward,jwardm6@istockphoto.com,Staff Accountant III,114074,Izotope RX,Twinder
Eric,Taylor,etaylorm7@umich.edu,Chief Design Engineer,109887,Axioma,Browsedrive
Heather,Perkins,hperkinsm8@huffingtonpost.com,Assistant Media Planner,142917,Igloo,Topicstorm
Christina,Ross,crossm9@altervista.org,Recruiter,171240,Aspen HYSYS,Skiba
Julia,Scott,jscottma@reference.com,Nurse,75231,Financial Reporting,Dynazzy
Jane,Fowler,jfowlermb@jimdo.com,Software Engineer IV,138957,Shipping,Kwideo
Janice,Russell,jrussellmc@nyu.edu,VP Marketing,55553,Online Journalism,Gabtune
Jean,Collins,jcollinsmd@nydailynews.com,Actuary,171193,MQX,Oyoba
Carlos,Lane,claneme@prnewswire.com,Geologist I,37438,Full-life Cycle Recruiting,Katz
Dorothy,Hall,dhallmf@rakuten.co.jp,GIS Technical Architect,111861,On-Set VFX Supervision,Oyope
Irene,Rose,irosemg@smh.com.au,Account Coordinator,173422,xCAT,Zoomdog
Kimberly,Williams,kwilliamsmh@yahoo.co.jp,Environmental Tech,61033,SRP,Gabspot
Edward,Owens,eowensmi@washington.edu,Assistant Manager,72211,SNOMED,Oyope
Larry,Rose,lrosemj@imgur.com,Automation Specialist I,156206,NS-2,Jamia
Nicole,Harper,nharpermk@engadget.com,Analyst Programmer,103932,Rooms Division,Izio
William,Phillips,wphillipsml@ehow.com,VP Quality Control,154057,Xcode,Yozio
Sean,Barnes,sbarnesmm@nyu.edu,Payment Adjustment Coordinator,161042,Atomic Absorption,Brainsphere
Raymond,Fox,rfoxmn@cargocollective.com,Human Resources Assistant I,158161,Latin American Studies,Ooba
Nicole,Chapman,nchapmanmo@facebook.com,Technical Writer,120149,Qt Creator,Layo
Harry,Johnson,hjohnsonmp@cpanel.net,Systems Administrator III,84066,Time Series Analysis,Brainverse
Eric,Brooks,ebrooksmq@trellian.com,Administrative Officer,95789,Luminex,Mynte
Larry,Alexander,lalexandermr@uol.com.br,Account Coordinator,172431,BMC Remedy AR System,Livetube
Susan,Owens,sowensms@ft.com,Marketing Assistant,164193,Helicopters,Midel
Diane,Bennett,dbennettmt@meetup.com,Pharmacist,57195,Underscore.js,Pixoboo
Lois,Torres,ltorresmu@printfriendly.com,Research Associate,156527,HD Camera Operation,Edgewire
Wanda,Ruiz,wruizmv@squarespace.com,Graphic Designer,61200,Emergency Room,Wordify
Joan,Knight,jknightmw@springer.com,VP Marketing,96414,NWDI,Tagtune
Aaron,Reid,areidmx@bigcartel.com,Junior Executive,65890,DSE Assessments,Avaveo
Paula,Vasquez,pvasquezmy@tumblr.com,Administrative Officer,171010,SAP PS,Quinu
Christina,Oliver,colivermz@wikia.com,VP Accounting,59856,PFS,Bubblebox
Teresa,Ortiz,tortizn0@a8.net,Senior Financial Analyst,150210,At Multitasking,Devshare
Sandra,Carr,scarrn1@nbcnews.com,Analyst Programmer,78051,FPSO,Zoomzone
Jack,Romero,jromeron2@sina.com.cn,Chemical Engineer,54129,Distribution Center Operations,Eamia
Dennis,Patterson,dpattersonn3@nydailynews.com,Assistant Professor,63895,LDAR,Roomm
William,Graham,wgrahamn4@economist.com,Librarian,132313,General Aviation,Flashset
Brian,Warren,bwarrenn5@sourceforge.net,Analyst Programmer,98746,HP Procurve,Browsecat
Kimberly,Little,klittlen6@mysql.com,Senior Editor,62107,Utility Regulation,Photolist
Johnny,Olson,jolsonn7@over-blog.com,Clinical Specialist,48671,Windows 7,Cogilith
Marie,James,mjamesn8@trellian.com,Cost Accountant,92606,PNR,Trilith
Pamela,George,pgeorgen9@meetup.com,Dental Hygienist,91723,Core Java,Pixope
Dorothy,Peters,dpetersna@xing.com,Nurse,110949,Type 2 Diabetes,Mudo
Theresa,Reid,treidnb@cafepress.com,General Manager,158310,DFSS Green Belt,Linkbuzz
Mark,Reed,mreednc@salon.com,VP Accounting,165949,DJ,Pixonyx
Keith,Fowler,kfowlernd@epa.gov,Financial Analyst,125201,Wellness Coaching,Yamia
Scott,Myers,smyersne@dot.gov,Design Engineer,122299,CQC,Meejo
Maria,Mendoza,mmendozanf@freewebs.com,Structural Engineer,48296,Bhangra,Tagtune
Heather,Harrison,hharrisonng@abc.net.au,Internal Auditor,122296,CFIA,Quamba
Scott,Palmer,spalmernh@shinystat.com,Chief Design Engineer,38224,Urology,BlogXS
Louis,Reid,lreidni@yelp.com,Junior Executive,45225,EEO Reporting,Oyoloo
Irene,Watkins,iwatkinsnj@elegantthemes.com,Human Resources Assistant III,150278,TCO reduction,Photobug
Wanda,Moore,wmoorenk@buzzfeed.com,Structural Engineer,71955,Company Set-up,Meetz
Denise,Wallace,dwallacenl@bigcartel.com,Account Representative III,169986,Corporate Events,Kwideo
Mary,Collins,mcollinsnm@comcast.net,Social Worker,146052,TQM,Digitube
Todd,Greene,tgreenenn@ebay.co.uk,Executive Secretary,128974,Cisco Call Manager,Ntag
Harry,Hall,hhallno@photobucket.com,Analog Circuit Design manager,117610,NX Unigraphics,Quinu
Marie,Greene,mgreenenp@guardian.co.uk,Operator,52553,Anti Money Laundering,Yakidoo
Evelyn,Wheeler,ewheelernq@paginegialle.it,Account Representative III,135488,IEC 61131-3,Eimbee
Catherine,Thompson,cthompsonnr@ning.com,Recruiter,55593,DDD,Quatz
Larry,Lawrence,llawrencens@ibm.com,Human Resources Manager,125252,Laboratory,Gabtype
Robert,Sanchez,rsancheznt@ustream.tv,Assistant Professor,49250,Gospel,Gabtune
Annie,Butler,abutlernu@umich.edu,Graphic Designer,167614,MXML,Voolith
Martha,Price,mpricenv@dailymail.co.uk,Occupational Therapist,59226,Dispute Resolution,Divape
Joshua,Cunningham,jcunninghamnw@mac.com,Graphic Designer,86167,Gold,Zoombox
Edward,Adams,eadamsnx@wufoo.com,Nurse Practicioner,38475,IRI,Devbug
Aaron,Carr,acarrny@goo.gl,Structural Engineer,170399,IaaS,Voonder
Lori,Mendoza,lmendozanz@behance.net,Analog Circuit Design manager,166898,Gutters,Wikibox
Angela,Woods,awoodso0@digg.com,Engineer II,49780,DC Power,Tekfly
Aaron,Mason,amasono1@ted.com,Engineer I,112374,Ironport,Flashspan
Earl,Taylor,etayloro2@sciencedirect.com,Automation Specialist III,168736,WCF Services,Photobug
Howard,Carter,hcartero3@nifty.com,Legal Assistant,62776,RMP,Jaxbean
Phyllis,Wells,pwellso4@ifeng.com,Data Coordiator,154850,Servers,Mydeo
Theresa,Cunningham,tcunninghamo5@macromedia.com,Recruiting Manager,119029,Umbrellas,Livepath
William,Harper,wharpero6@virginia.edu,Quality Engineer,127082,OSHA 10-Hour,Layo
Rebecca,Medina,rmedinao7@ustream.tv,Analog Circuit Design manager,117229,FSA,Meejo
Shawn,Hernandez,shernandezo8@psu.edu,Account Representative II,58356,PFS,Layo
Gloria,Watson,gwatsono9@nydailynews.com,Quality Engineer,90522,Gift Baskets,Vimbo
Frances,Johnson,fjohnsonoa@java.com,Recruiting Manager,69587,Pastoral Care,Tazzy
Deborah,Hayes,dhayesob@php.net,Senior Sales Associate,38035,Sales Cycle Management,Ailane
Sean,Watkins,swatkinsoc@ucoz.ru,Payment Adjustment Coordinator,101114,PDMS Draft,Vinte
Justin,Williamson,jwilliamsonod@tinyurl.com,Recruiter,170839,ITIL,Jatri
Christopher,Weaver,cweaveroe@shutterfly.com,VP Quality Control,45228,PWE3,Podcat
Sara,Willis,swillisof@technorati.com,Account Representative III,38005,Aviation Security,Riffpedia
Michael,Hunt,mhuntog@163.com,Account Coordinator,145931,Chamber Music,Jazzy
Gregory,Stephens,gstephensoh@ocn.ne.jp,Staff Scientist,98754,Cardiology,Skynoodle
David,Bowman,dbowmanoi@example.com,Graphic Designer,142936,Corporate Real Estate,Oyoloo
Benjamin,Coleman,bcolemanoj@bravesites.com,Sales Associate,98795,Drip Irrigation,Realbuzz
Harold,Snyder,hsnyderok@networksolutions.com,Social Worker,171119,Tour Operators,Meejo
Carl,Hunt,chuntol@geocities.jp,Pharmacist,37879,MSA,Tanoodle
Harry,Day,hdayom@columbia.edu,Physical Therapy Assistant,136187,Airworthiness,Livetube
Howard,Moore,hmooreon@jugem.jp,Business Systems Development Analyst,96846,Early Childhood Literacy,Jabbercube
Judy,Turner,jturneroo@imgur.com,Senior Developer,143067,EMR,Voomm
Jacqueline,Hall,jhallop@senate.gov,Account Coordinator,80606,EE4,Kazu
Sandra,Johnston,sjohnstonoq@comsenz.com,VP Quality Control,47659,XAML,Skipstorm
Howard,Brown,hbrownor@mlb.com,VP Sales,173025,OGC Gateway Reviews,Bubbletube
Jessica,Nelson,jnelsonos@woothemes.com,Junior Executive,68965,Classroom,Blogtags
Harold,Mendoza,hmendozaot@hao123.com,Senior Financial Analyst,54459,WCDMA,Mita
Craig,Reed,creedou@ow.ly,Senior Financial Analyst,38796,Tk,Skimia
Donald,Hayes,dhayesov@yale.edu,Associate Professor,154562,Class III Medical Devices,Skyba
Frank,Gilbert,fgilbertow@timesonline.co.uk,Web Designer II,61015,Jet Engines,Voomm
Carolyn,Hughes,chughesox@example.com,Clinical Specialist,119583,BPL,Ntags
Edward,Medina,emedinaoy@fotki.com,Mechanical Systems Engineer,69921,HP EVA,Miboo
Linda,Daniels,ldanielsoz@ezinearticles.com,Paralegal,68862,UI Automation,Skinte
Thomas,Brooks,tbrooksp0@cpanel.net,Office Assistant I,168289,e-QIP,Gigaclub
Fred,Jackson,fjacksonp1@mail.ru,Mechanical Systems Engineer,63865,Xpress,Trupe
Gregory,Gomez,ggomezp2@dailymotion.com,Technical Writer,161535,HP Procurve,Quamba
Marilyn,Reid,mreidp3@gizmodo.com,Research Associate,138913,Veterinary,Jabbersphere
Carol,Harrison,charrisonp4@w3.org,Research Associate,148656,Academic Writing,Jabbertype
Paula,Robertson,probertsonp5@1688.com,Electrical Engineer,120795,IM,Teklist
Lori,Hansen,lhansenp6@constantcontact.com,GIS Technical Architect,71876,Time Management,Aimbu
Phillip,Hanson,phansonp7@geocities.com,Environmental Specialist,43725,OS X,Oyoyo
Louis,Flores,lfloresp8@salon.com,Geologist II,138886,Sage ERP X3,Ainyx
Dennis,Ferguson,dfergusonp9@ebay.co.uk,Pharmacist,171081,Keil,Voonder
Amy,Perkins,aperkinspa@studiopress.com,Compensation Analyst,145185,Gynecology,Kwilith
George,Wagner,gwagnerpb@liveinternet.ru,Professor,46385,Multi-channel Marketing,Tambee
Sandra,Stanley,sstanleypc@qq.com,Human Resources Manager,46322,PCR Primer Design,Realfire
Samuel,Simpson,ssimpsonpd@miitbeian.gov.cn,Quality Engineer,145776,Ironport,Twiyo
Lawrence,Bradley,lbradleype@clickbank.net,Teacher,120743,CDM,Oyonder
Rachel,Mendoza,rmendozapf@hexun.com,Speech Pathologist,95243,Youth Ministry,Rhynyx
Stephanie,Collins,scollinspg@cornell.edu,Recruiter,166156,Geology,Twimm
Charles,Moreno,cmorenoph@cdc.gov,Dental Hygienist,167321,First Time Home Sellers,Aimbu
Brian,Bryant,bbryantpi@tiny.cc,Mechanical Systems Engineer,139025,Nanomaterials,Rhynoodle
George,Gonzales,ggonzalespj@fastcompany.com,Associate Professor,64908,Vulnerability Scanning,Meembee
Maria,Parker,mparkerpk@narod.ru,Civil Engineer,123475,DPM,Oyoyo
Jason,Hayes,jhayespl@cam.ac.uk,Business Systems Development Analyst,85793,VNC,Skidoo
Carol,Greene,cgreenepm@google.com.br,Software Consultant,45293,PMP,Flashspan
Scott,Wagner,swagnerpn@bandcamp.com,Librarian,114823,Hazard Identification,Jabbersphere
Tina,Robinson,trobinsonpo@npr.org,Staff Scientist,113305,DFSORT,Topicware
Linda,Medina,lmedinapp@godaddy.com,Professor,170081,Music Education,DabZ
Denise,Carroll,dcarrollpq@ow.ly,Office Assistant IV,78054,IQMS,Dynava
Willie,Burton,wburtonpr@indiatimes.com,Recruiting Manager,118923,RTLS,Brightdog
Bruce,Moore,bmooreps@list-manage.com,Actuary,170651,Animation,Gabtype
Joshua,Dixon,jdixonpt@wired.com,Compensation Analyst,107093,Image Editing,Buzzshare
Adam,Long,alongpu@unesco.org,Administrative Officer,136259,PostgreSQL,Chatterpoint
Stephen,Flores,sflorespv@yahoo.co.jp,Structural Engineer,40876,NGOSS,Oyoyo
Sandra,Dixon,sdixonpw@geocities.com,Structural Engineer,44705,iLife,Photobug
Jerry,Myers,jmyerspx@google.pl,Safety Technician IV,70594,Nastran,Voonyx
Joe,Rose,jrosepy@biblegateway.com,General Manager,121048,Snow,Skyvu
Nancy,Watkins,nwatkinspz@seattletimes.com,Assistant Professor,56575,NDK,Oyoba
Joan,Smith,jsmithq0@1688.com,Teacher,73179,Military Affairs,Quinu
Jack,Mendoza,jmendozaq1@businessinsider.com,Food Chemist,53682,Gastroenterology,Quaxo
Tammy,Vasquez,tvasquezq2@psu.edu,Registered Nurse,76449,Commercial Aviation,Jayo
Cheryl,Long,clongq3@elpais.com,Business Systems Development Analyst,153668,Channel Partners,Skipstorm
Rose,Andrews,randrewsq4@parallels.com,Programmer Analyst III,165872,MDS,Babbleopia
Donna,Martin,dmartinq5@technorati.com,Marketing Manager,82981,iLife,Quamba
Matthew,Edwards,medwardsq6@toplist.cz,Desktop Support Technician,115698,Military,Kanoodle
Maria,Wood,mwoodq7@cloudflare.com,Assistant Media Planner,106775,Operational Due Diligence,Photospace
Judith,Bell,jbellq8@loc.gov,Web Designer II,124288,Ocean Transportation,Dynava
Amanda,Watson,awatsonq9@goo.ne.jp,Business Systems Development Analyst,48192,Global Strategy,Nlounge
Ruby,Morgan,rmorganqa@umich.edu,Business Systems Development Analyst,57698,Market Knowledge,Midel
Diana,Garza,dgarzaqb@edublogs.org,Sales Representative,157083,DDoS,Gigaclub
Kathleen,Shaw,kshawqc@dagondesign.com,Operator,117547,Credit Risk,Jatri
Paul,Weaver,pweaverqd@oracle.com,Electrical Engineer,72068,DNA microarray,Topdrive
Norma,Fields,nfieldsqe@yahoo.com,Cost Accountant,38145,GVP,JumpXS
Ruth,Fernandez,rfernandezqf@upenn.edu,VP Accounting,161322,DSL,Browseblab
Adam,Fox,afoxqg@reuters.com,Structural Analysis Engineer,100170,CSV,Flashspan
Elizabeth,Wells,ewellsqh@webmd.com,Librarian,129601,Business Intelligence Tools,Youtags
Wanda,Jordan,wjordanqi@google.es,Compensation Analyst,42979,Guided Reading,Feednation
Willie,Alexander,walexanderqj@live.com,Desktop Support Technician,135027,Oracle HR,Yoveo
Nancy,Turner,nturnerqk@walmart.com,General Manager,70352,CDL Class B,Blognation
Fred,Boyd,fboydql@jugem.jp,Desktop Support Technician,126703,UV coating,Mynte
Willie,Morris,wmorrisqm@cnbc.com,Executive Secretary,65648,HMO,Eazzy
Louise,Reyes,lreyesqn@baidu.com,Account Coordinator,132520,DMVPN,Skimia
Scott,Meyer,smeyerqo@fc2.com,Account Coordinator,39395,RSVP,Riffwire
Barbara,Adams,badamsqp@example.com,Financial Advisor,159239,AFM,Yakitri
Tammy,Perez,tperezqq@artisteer.com,Executive Secretary,135851,NRC,Abata
Teresa,Hill,thillqr@wufoo.com,Quality Control Specialist,128452,OOAD,Linktype
Sandra,Holmes,sholmesqs@mediafire.com,Operator,57617,Jin Shin Jyutsu,Miboo
Kenneth,Snyder,ksnyderqt@gmpg.org,Senior Sales Associate,127945,Supplier Evaluation,Feedfire
Shawn,Porter,sporterqu@webmd.com,Senior Sales Associate,157426,Jets,Yakitri
Bonnie,Matthews,bmatthewsqv@tripadvisor.com,Programmer III,169785,QC 9.2,Riffpedia
Maria,Lee,mleeqw@parallels.com,Environmental Specialist,154235,Gemba Kaizen,Realcube
Billy,Griffin,bgriffinqx@digg.com,Account Coordinator,163841,EBR,Meeveo
Janice,Greene,jgreeneqy@indiegogo.com,Office Assistant I,137421,OAS Gold,Twitterbeat
Tammy,Franklin,tfranklinqz@cdc.gov,Nurse Practicioner,66197,IVT,Vitz
Brandon,Fields,bfieldsr0@mapquest.com,Senior Quality Engineer,70781,MD&amp;A,Mita
Shawn,Hamilton,shamiltonr1@nsw.gov.au,Electrical Engineer,163186,HCCP,Browsedrive
Diana,James,djamesr2@mlb.com,Chief Design Engineer,47974,NGL,Realmix
Timothy,Stanley,tstanleyr3@guardian.co.uk,Human Resources Assistant III,169877,Project Implementation,Quaxo
Katherine,Parker,kparkerr4@who.int,Environmental Tech,87982,DTH,Geba
Jacqueline,Alexander,jalexanderr5@wikia.com,Junior Executive,157130,VxFS,Youspan
Sarah,Scott,sscottr6@hao123.com,Desktop Support Technician,118057,Computer Network Operations,Skiba
Daniel,Wells,dwellsr7@shutterfly.com,Environmental Tech,89546,vBlock,Vitz
Brenda,Mills,bmillsr8@etsy.com,Assistant Media Planner,158439,Licensing,Brainsphere
Diana,Fernandez,dfernandezr9@shutterfly.com,Paralegal,134136,FX Animation,Meetz
Betty,Gonzales,bgonzalesra@sfgate.com,Help Desk Technician,88206,HLR,Blogspan
Gary,Cunningham,gcunninghamrb@networkadvertising.org,Nuclear Power Engineer,47655,Alcohol Awareness,Zoombox
Katherine,Ramirez,kramirezrc@bbb.org,Health Coach I,50327,Vulnerability Research,Leexo
Diane,Carr,dcarrrd@washingtonpost.com,VP Product Management,46505,MTT,Tagcat
Judith,Wilson,jwilsonre@webeden.co.uk,Registered Nurse,107319,SAP HR,Zava
Patrick,Gilbert,pgilbertrf@symantec.com,Systems Administrator I,70373,WFS,Thoughtmix
Robin,Castillo,rcastillorg@jugem.jp,Programmer II,116826,NPIV,Quaxo
Scott,Morrison,smorrisonrh@ycombinator.com,Financial Analyst,97659,Non-profit Board Development,Wikido
Carl,Price,cpriceri@sourceforge.net,Dental Hygienist,78266,Design Patterns,Youbridge
Anthony,Hunter,ahunterrj@zimbio.com,Programmer IV,65999,Ownership,Wikizz
Emily,King,ekingrk@example.com,Research Assistant I,88468,EU Competition Law,Mydeo
Timothy,Fisher,tfisherrl@huffingtonpost.com,Sales Representative,44043,RFP Generation,Eadel
Lori,Gomez,lgomezrm@deliciousdays.com,Web Developer I,172813,qRT-PCR,Oyoloo
Rachel,Ford,rfordrn@fc2.com,Marketing Assistant,174543,Adobe Creative Suite,Realfire
Matthew,Moore,mmoorero@fc2.com,Geologist II,80528,Organization Skills,Innojam
Randy,Dean,rdeanrp@imageshack.us,Structural Analysis Engineer,173763,Information Technology,Yodel
Juan,Butler,jbutlerrq@hostgator.com,Statistician IV,133991,Gel Electrophoresis,Twinder
Cynthia,Burke,cburkerr@gmpg.org,Occupational Therapist,157143,Music Theory,Oloo